"id","group_id"
"6bbde3f1-b489-47ff-9ffc-391fde1d16e2","0019eacd-3078-4bd1-bf41-33218f03e375"
a95b4332-c9cc-481b-a580-66063883e0d8,"009525b1-1b29-4f40-994e-8fc1bf797c6c"
f76567ed-f951-44af-89f3-b0d7538e0a2e,"00bd9837-36f1-4160-9614-cb1fcd85f67a"
"6ee8e1d6-b9e5-459c-8ea7-e40c71a78557","00e5fa95-36bc-4c1e-b99e-198017e8dd03"
deb25cb8-c6e2-4388-b4b2-9b9278ff8746,"012c63cd-d608-43eb-8052-96b017670298"
"844a5f90-49cb-432b-8bce-4a41d11c8a44","019182fc-e190-46e6-9150-fd2c37b9ba7f"
b28b4bd3-f1d4-4d85-bcf2-fbcbfd0a8768,"01ebdb1b-b218-4bd5-9086-81bf5424ba88"
"0deda0c7-47ff-4e2a-b0d0-17638a75d2a2","023a18b3-700d-41ff-8140-daea6e919371"
"2f645f65-9ecf-4aeb-9c85-24a107f19abd","026815f2-f6f6-4de3-a534-6056db70bd20"
"942a857e-aa30-4510-a701-758e748905f1","0269b347-d3e4-4a41-9d97-606332ca6c5d"
"538d1ad9-f485-444c-bf64-beb99c392a41","02774386-9c46-4e45-9719-3513d1dc9f28"
"2935a63d-8c20-4dc8-a6da-31fff992c1d6","027f0d95-daa6-477e-b64b-09066d996ee7"
"06f49e0c-bc69-4886-9ba8-76e94dd7c641","02b4631d-e3eb-4312-92aa-3ed6f23ddf64"
b8a5f573-efcb-40d2-9872-7b7269d006be,"02c6b0de-da70-4495-ab8e-951527cd94c4"
"3a82aae4-0e2b-4a22-aead-5467dc2efeca","02ce05b2-e1a8-468b-b7c2-08ac929ca19b"
b455c444-222a-49ef-ad7e-dac1d8f936ff,"037fc8f2-5fc0-4a98-938d-7df250c2eeff"
f0563c7d-296d-4264-b5c8-8de84a5024ae,"03c832e9-038a-45b4-b546-075a9adcf3e4"
"9e382421-f3d0-483f-9d63-920184fe7dd9","03f8ace0-7c3b-4a14-adc9-fdf8079720ec"
"7e46f9dc-c0be-406d-8fe2-2b668d8ca10c","04064674-3b22-415a-b9d0-ebe66e1d9299"
"709d55c9-da9d-4553-b093-14a5342f3d2e","057f82b8-ca92-489c-9ae5-7239a56e6716"
fdcde2bc-9006-471a-acc0-4aa71bbee23d,"059e0396-caad-43d9-bf9a-167a790d77ee"
cfe8416c-21fd-431e-88c1-e6dbc817e1a0,"059f397c-2b7c-4ae5-878a-784ecc8d9089"
"356c170e-5cf4-4f02-a3ae-d7d1f7b6363b","0777f3cc-b884-45d4-b3bd-9aeac9de0199"
"6e94374e-f68e-4ec4-b82b-5433a4292668","07a43631e500aca4"
"602327b0-734c-4aac-a417-c26735bcb128","07dba2d2-5287-4adc-9463-06ade227a540"
ffb45d21-e982-4213-bc4a-27375e5db2c1,"07f552e3-1944-4afd-a4d3-ea4abcb3ce7b"
af046c2c-508f-43b9-bdfe-95c15306f79c,"0849aaa9-afdb-4134-b110-2f2d52427de4"
a22bc2db-0760-410c-b2b0-8e96ffb28656,"084c7c2f-e4cc-4c62-bdd2-7ef3e3ea158f"
"6bbf9dc7-7fcf-427e-8061-d7de57680ff5","08e7e80a-0bb3-4f18-9a89-5eb390bec82b"
"67109ee1-b52e-4523-8bf5-9e332cd8f5df","0924783a-6004-4bec-b8c1-2d167c4c0cee"
f380a241-a283-4b1c-ba06-5ffd51c5fc03,"09d644bb-0319-4e73-87c9-12268c7e9cf3"
eb2d8444-19bf-4525-a3d1-d8ebe5dbb90e,"0a8cae45-167d-4523-86da-5b590f83f8bf"
e5a6f007-aa38-42d9-9ea3-d20fdd0eaf83,"0b3f3665-8410-40d9-814b-5fe00333d87a"
"4bf6f949-cf26-4e4f-bdf9-2a085af80d06","0ba2dced-a320-410d-a703-a970e50da155"
"984e96e0-1bdf-4df4-aa7f-5abeb349a0ec","0d013245-8bff-4ee7-9079-7b33000951d7"
"090b09d2-018c-40b9-95d8-dad13a3b9f48","0da0b39e-cd2a-4568-8d3f-e27ff5f5039d"
"991520b3-c163-4196-afbd-82d1a7720591","0f2f501c-d5be-45b2-bc66-49b26a6933f3"
"6fc0e445-9859-43ac-a056-39af0c2196b3","1015debb-c62d-4f7b-bc4a-53c9649b74ee"
f48bf0ba-a341-4bdd-a2ff-47e925a208f5,"1074c1b2-18e6-4223-b303-b06d122cce8f"
dcc2aa1d-ab98-401c-8d7c-c3f39eb354ee,"10f335ac-373b-4928-ac7b-d7506dbe37e1"
"07d85095-f261-45d6-8f10-1e31d6d99006","11ca62ec-d5a6-4bd2-8c12-5d1103194771"
"22204bab-53d6-49fa-bbe4-5ecef6cc4c70","11ca62ec-d5a6-4bd2-8c12-5d1103194771"
"4c956c19-2133-45f5-ba4d-150b4de2139e","11ca62ec-d5a6-4bd2-8c12-5d1103194771"
"5c552770-71f1-495c-8755-b383cca7c272","11ca62ec-d5a6-4bd2-8c12-5d1103194771"
"7431f6c2-0e4a-483f-8714-8c3e4f10af25","11ca62ec-d5a6-4bd2-8c12-5d1103194771"
afb3779d-f45b-4628-87b3-dada9d72b0e6,"11ca62ec-d5a6-4bd2-8c12-5d1103194771"
b294e050-9a3e-4fe6-8bdd-d78d38837e43,"11ca62ec-d5a6-4bd2-8c12-5d1103194771"
cec982a5-d4f8-4a81-a21f-82be80d9b124,"11ca62ec-d5a6-4bd2-8c12-5d1103194771"
f04a64d2-3634-44c9-9d1c-ca8f20579f80,"11ca62ec-d5a6-4bd2-8c12-5d1103194771"
feab8618-ea23-4448-9381-7fe71f55408d,"11ca62ec-d5a6-4bd2-8c12-5d1103194771"
"74f9ebdd-a04c-4ca5-af42-b6a7c7f2e258","11d8b581-afcd-4d94-b291-8fb8ebb14762"
"45e6f923-6b42-49d4-8939-d405106474d2","12fa8d37-a939-4d29-9b80-818df722ef43"
"464e2ac4-f3c3-4f6f-a223-f8a4b5f83fb4","12ff52a3-2332-446c-b89d-6d7e5c1eed11"
"6573a0ea-4380-4a9e-9d4a-0d349dc61d74","135c07b6-39af-4b49-9037-2bfeb2d1bbee"
f81c220d-1c16-472f-8c8d-1e348dfae45d,"13b496c8-4cbe-4ec1-94f1-063a5ca092f3"
"76f4365c-c83b-471b-b0e5-e67c7deba0c7","140eb752-b7cd-4695-a125-6f793db285ee"
feaa5d4b-05ca-4fbc-9c06-5ff349f35e24,"1410c10d-dc94-4e7e-b160-3ee87634f69f"
"45fe09c1-7da7-43f1-b6ca-079cec4cace6","143abb09-1757-4cca-a8d1-50ca1d31bcc0"
e0741e54-1cf2-4294-be5e-080cfcbbc1d6,"14c68aee-ee7b-435e-814e-b9a78852526b"
"739b61a0-5c5b-4465-be26-f71879d64d2c","14e8237b-de1d-4c66-9208-d0d5b0b43123"
"3db2e7c6-5a28-4a11-abf8-a16454cb10ff","15405de2-f116-476a-8ee4-3ee9a3109642"
ea8d7826-d42a-4386-9921-24bfbf6e7b76,"15c705cc-b3f2-463a-baca-050b370e1cc7"
e6edef16-98a9-40e3-a2ee-8a5255dbecbe,"15f55682-9601-403c-a1cb-8da649cc3ec1"
c9c865f0-9f06-4923-8617-d96fa18c368b,"162b30aa-2336-4d7b-9b54-78b539ddac74"
"7277888d-8a3c-4474-9caf-979243485217","169639e6-e34f-445d-942c-667fd5d5178f"
d0b263be-9aaa-45c3-b910-4010159725fa,"174d5974-f059-4ffe-a1b6-5725dbdc82df"
"05037471-47b3-47dd-804d-6dba0b7cd4ec","17637866-2a5f-4b27-b2a0-dd48a1ab1683"
cabb8d74-3d1a-403c-9dd4-56d1fefb7af2,"181fc29ed1a54bac"
"2c53b746-cdb1-45a8-b975-9f139bc44c8b","182c9ebd-6733-400b-95db-1a467aff37d4"
"0d435a75-07f3-4a4f-beab-5ca2dae452e9","186fede0-c96b-48b3-a62f-eb5461fef607"
"8c928c59-77a9-4b54-bfac-0f5405ab3c86","18f3e396-fc82-45e5-9c56-5eaca76e6f1c"
"5a3be638-ff43-4ef1-846b-5f1a6aa93f6b","19ba7ab1-18d2-4259-846d-50162b87da22"
cce7bad7-65c7-461f-8fa8-ff850c492421,"19bc3b67-81f2-4ee3-837a-e1a00c661b9b"
d1b6c47c-5c1e-4026-9169-2b4cbfadc80a,"1a302ccc-c227-405d-91b6-0b81fe6aac88"
a444ad1f-4963-4938-8f96-63190a422f10,"1a6a21d6-1768-49cc-abc0-e9d317df7b20"
fc69247b-dfbe-4d08-9667-7c48fa07380f,"1a7df3b2-95d0-47bd-b87c-d7539e17f09e"
"1b16fa1e-fe14-4452-991f-f72600581528","1a909365-65ef-4254-8344-93d7b0e445c4"
"3860a55b-3fb6-4dc2-8086-3ba68e0817a0","1aad75b9-5a6f-4530-8792-b341821906c0"
"296fd599-047d-496a-9b25-9eff4204f72b","1b1f1524-8d92-484b-8c68-84fb7932e111"
"6b648b06-c9ce-4674-9b22-f35970c610c6","1b3e314b-b21b-43e5-8ed5-309243d7ff84"
fdecc9cc-6074-4337-a78c-cb10671255ec,"1ba9f06f-28a3-4fcd-a866-f1e7199a3f17"
c4a94796-d1fe-49e0-b753-cd0ccfae57eb,"1bf025f7-9c1c-4356-967e-3d2286de652b"
ffd6f84a-6d95-4119-9cd2-607278627b85,"1c1e871a-369f-4675-95be-53ec03417139"
"331d143a-893b-41d8-b7c1-7c72d7d8fc99","1c248c89-41de-4233-bdcf-3ceb33446474"
b5ec8a13-6ca8-4563-aaf6-0c74a4c7cf13,"1c8876fd-76ba-47da-b1be-7d855bd6c354"
"68742e52-c0c2-49da-82d5-9b534b4bba83","1d317d3d-5174-496a-952a-b15cfa96c2d8"
"637ad172-e46e-4d79-a14c-bdb17635e9d8","1d621648-aa76-4be7-b659-869363b4de2f"
"48996885-9009-44ae-88b9-92f243690ed4","1e612f2c-939f-477f-8c1d-8492185a60d3"
d26279e9-ccca-424b-83fd-ea9fd75beeb3,"1e913c93-d8b0-4f5e-a00b-d8cf93d1a104"
"0dc43116-99df-4027-bf2d-d5970b515ad2","1ebe5a56-a1ed-472f-a219-78578ed4cd45"
c3adf1bb-24da-4eb3-a26b-dd57c20cf88e,"1fb0e843-c3a3-4dad-8111-7602e2a7b6e3"
"5c85fa20-03d2-486a-ba0e-d3f1e32633b7","2019fe27-4af8-4733-a188-c8e8b19a7297"
"6445d46d-1a67-4b07-b18d-a1a45f135ebe","203c8c56-e834-46a7-8dfd-c5a2f67ef87d"
"161ca4f1-d6b6-499f-ba18-9c7a5e116aec","20bdddc1-6aa7-42d0-989a-829fc78e8677"
d24b5b59-9a19-4a5b-9f44-ff8d9168e852,"20f37e0c-64cc-4a4d-9a8f-32336ca5db7a"
d5be55e4-92dc-4521-82e5-bf85aea02556,"21ada548-a639-40d8-b85a-e1d0738e286b"
c049a5db-2bfa-421e-b116-79f657414f25,"2252b7ac-7ff4-467d-ac58-c60e8bc588ef"
"897abe82-fe0b-4a5c-bb85-80f5590ae292","22771899-9bad-4026-9907-26733e10a0de"
"32002180-7b59-4f05-affd-c9647c6a9de8","22903426-2a1d-4cfb-b9b1-b4f53238d4b5"
e551ab99-3dfa-42ce-b93b-3f5c900fd493,"22cd5c2a-69cb-44b5-8fb0-2a4a20d4e68c"
"8dac90b0-d8e7-46d3-b94e-f1119f9e1cd0","22efefb7-1d81-4340-ae20-6f1eb7bb22e7"
"34be2218-0d22-431d-b624-65cf17afe0d3","23287edb-9981-46bb-8788-d00dc91cf49a"
cf902d44-c1ed-4763-b613-47e7447793c9,"234724b6-2e11-4195-aad7-d1988d2608ec"
"88fd49ec-f525-4e32-89ec-b8a79d556991","2430edb6-8616-4467-93b2-3daaceb4cf16"
"835bd062-cb78-49eb-aee0-98b612e20b1e","243dcbffd7f2547b"
"6cad41fb-a089-451c-bffd-609dae587147","2488bdde-e97d-4003-a67e-72d4b9dc8ac9"
"62f102d1-de85-4fec-9a85-5084b85d6f81","248c1937-9def-4428-9fbd-a6fbcf0f8a74"
"9e119b5d-be00-4015-8a35-386cd03fa01e","251b2325-23f7-4906-bc22-97e3e891d82d"
"98988391-ddd2-4dba-91bc-d1e8828df93c","25da440e-b72f-4196-8006-433bdad407e2"
e7b3498b-fc63-4284-a23f-4dcf1ebf6d63,"264bb5d3-36e4-4433-a85c-8be29527ca47"
b6cb8633-b050-487d-b0d4-9a88f2b18a63,"265304b8-9b47-420c-ac52-dbe02731ef10"
f3b37bb9-06bd-4de2-8a44-a3417c43e21a,"26c8e714-f167-48af-ad74-2d241f45c08c"
"7e7a0cc4-7ee2-4626-b7b6-6e58ec6aa3b5","2711747b-01c3-4364-8a6f-b7e4e22b6d9e"
f698e2b8-575f-437c-90d1-4bd9353ef113,"277a70bd-cecd-463c-a433-53e9ada7471a"
"60f9c2ab-938d-477b-b96d-2be0db472455","27ac9ecb-f168-4d4d-ac6b-bbf215ad5497"
d83d74c5-4b35-4a0b-a580-3f570c7142e0,"27fb46301266522d"
"9c863255-49d6-4492-b836-fe5bef2fc632","28026097-bc17-4eda-8c4d-dd3f189c1da1"
"09f43898-08a3-4bfd-9cb6-aaf2eb1c632e","281000c3-651f-4de5-8c02-41762d76d1b5"
"0412f7c9-4690-4c42-8c21-6056534766ae","28769e67-c0fe-42cb-8430-419bb95becd2"
"09d6b122-21c3-4e47-9cb8-fe48e34d6c9e","28769e67-c0fe-42cb-8430-419bb95becd2"
"2ea7dc9e-31e5-4626-a2ef-ccc89e16b50c","28769e67-c0fe-42cb-8430-419bb95becd2"
"2f9a7d63-6fe7-4d0c-910c-ec2e0af44fe8","28769e67-c0fe-42cb-8430-419bb95becd2"
"3dce5503-b09b-4f2d-a4fb-7e00af30dfee","28769e67-c0fe-42cb-8430-419bb95becd2"
"41c3fe72-d010-4a83-a103-ac7595a8ce5c","28769e67-c0fe-42cb-8430-419bb95becd2"
"439a0308-dd07-4b33-8d43-a0886650f9be","28769e67-c0fe-42cb-8430-419bb95becd2"
"5c844db8-37f4-40be-bfb8-aaf02dd86aa2","28769e67-c0fe-42cb-8430-419bb95becd2"
"6bdc1fed-4df0-4c8f-a8cb-29af5bb99aa5","28769e67-c0fe-42cb-8430-419bb95becd2"
"846148f3-efaf-41d4-918d-8d3d67c942ad","28769e67-c0fe-42cb-8430-419bb95becd2"
"88684a41-fc00-4ae9-8f0b-1622c060fd2d","28769e67-c0fe-42cb-8430-419bb95becd2"
"8f22b759-f316-4968-91c5-e9bfe10f61f2","28769e67-c0fe-42cb-8430-419bb95becd2"
"99096fd5-4a8e-4c6d-99ac-71cfcbefb89b","28769e67-c0fe-42cb-8430-419bb95becd2"
a477531c-3143-4bb2-93d6-e5c29cde288b,"28769e67-c0fe-42cb-8430-419bb95becd2"
a617f1af-a6c6-4317-852e-a125c3eabe8c,"28769e67-c0fe-42cb-8430-419bb95becd2"
ab4817ec-9c88-48fe-a5e6-85fa7d2af9c5,"28769e67-c0fe-42cb-8430-419bb95becd2"
acba5c06-70b3-4572-b4ed-87c1a747044f,"28769e67-c0fe-42cb-8430-419bb95becd2"
b9f4fc08-a68a-47a5-b0a7-9cd64489f4cb,"28769e67-c0fe-42cb-8430-419bb95becd2"
c08723c8-dbe0-400d-aee6-06fcb17e0ab8,"28769e67-c0fe-42cb-8430-419bb95becd2"
d58b81c1-663a-4873-928f-39b7d1afc9e2,"28769e67-c0fe-42cb-8430-419bb95becd2"
d7bc0724-2dd9-490e-aab7-5cc244754662,"28769e67-c0fe-42cb-8430-419bb95becd2"
efd25fcf-6ec0-4853-afa8-8a893ed44d9c,"28769e67-c0fe-42cb-8430-419bb95becd2"
f75fdde7-9859-485e-87f1-c144068ecf25,"28769e67-c0fe-42cb-8430-419bb95becd2"
f9e15990-ff21-49ae-aceb-429b7aed0770,"28769e67-c0fe-42cb-8430-419bb95becd2"
ff1c43b6-0328-4f83-b292-99da018a534e,"28769e67-c0fe-42cb-8430-419bb95becd2"
c0b75f8a-4394-4f8a-b669-42e2caf593c2,"2978a3a6-eb29-480d-9657-9f9af0e38e0b"
e7a07fea-c770-455b-b8f5-bc0962f4357b,"2a1b5549-baea-40ed-8329-bd0ec0ee4043"
"032e4128-f427-4e74-ab42-e417f4c10e30","2a279650-983c-45a7-aa73-dbd2722995d7"
fdab0e9e-db67-4ec2-b629-9d089af5bf62,"2a30ba9c-3674-4985-85cf-6e385899876a"
"5e521e8a-12d1-43ad-b893-1c994f7470dd","2a63f2a2-e1ce-4ee4-b9db-a0e844399b8e"
"00ce67d0-4539-4f78-8c98-24de6516b1ce","2af22db2675d2f1b"
"106894bb-5686-4c09-8af5-de41172b7b76","2af22db2675d2f1b"
"1ec17fb0-d80a-4609-b673-14ba159c3214","2af22db2675d2f1b"
"3056e215-e4e9-431b-8454-b93146b46f16","2af22db2675d2f1b"
"345a5c8b-829a-4ade-89ef-d286627c82dc","2af22db2675d2f1b"
"8fca160f-d61b-4238-9a0b-7ab8b6b78fe6","2af22db2675d2f1b"
"96075ea9-2004-4161-bb91-9ad30e14373e","2af22db2675d2f1b"
"99e57620-5048-4f0a-89d1-b0ae4e83f645","2af22db2675d2f1b"
afa351f7-c168-42cc-b999-c2533ada22b5,"2af22db2675d2f1b"
be42af9f-021d-4c9e-8978-d010bfebe0d7,"2b7ce712-6243-4c41-a955-697323342403"
"1b677d03-7345-4f88-afa6-f900372ff9fa","2b8ae870-c2d1-4374-a5e9-c7dc2760a2e6"
"37400486-0ab5-470c-b896-c63bb2e890c3","2c1acec4-817d-4fb2-b5f6-1acc18222e16"
"76dfe1be-0ff9-423c-a508-804c23a5a87e","2ce4a2e7-8ecd-4fc7-be68-3b172eaf83e5"
"496a0e39-9b7e-48ea-a2c9-3b0722135c4f","2d2026c3-5238-4b90-b95a-d0c2b23977bd"
"5a827a6c-edc9-4866-a0c9-fbdb3399db1c","2dc1a8aa-779f-40a3-8173-ee4ba67e9d02"
"7477ceea-7eba-4ef6-899f-fafb8347cb80","2e8b0eac-b09d-44ae-a789-4ea35f78b194"
"9e6ad385-ed0f-4817-ace3-9a9a7ea0abcd","2f78e12f8efc05e8"
ba57f301-a3fd-4143-aef1-cf0ddef1be22,"30492ab7-cccd-497e-aa66-fb7d2d769144"
"700f4f5b-756c-438c-91e7-719a10297874","3085de94-09cd-40cc-be7d-a0035bb87a33"
"84767a62-9828-4ed3-aea7-226ed2f515d4","3085de94-09cd-40cc-be7d-a0035bb87a33"
"86d6e6f3-b426-44dd-846b-79b8458ccece","3085de94-09cd-40cc-be7d-a0035bb87a33"
"8e508360-d138-498e-99fa-9e4a522377a7","3085de94-09cd-40cc-be7d-a0035bb87a33"
a6dcd643-1f37-496d-a03a-613bd4a9299a,"3085de94-09cd-40cc-be7d-a0035bb87a33"
aa562988-d166-4238-89a6-f4a54f7c0042,"3085de94-09cd-40cc-be7d-a0035bb87a33"
de33d409-6b15-431f-bda2-15993adb36c4,"3085de94-09cd-40cc-be7d-a0035bb87a33"
a08d7828-29c2-4775-b176-e367c25e62e4,"30fb0b19-75ce-4fa0-b38e-a9746b75068d"
"6ebc360b-0aaf-4573-a98a-81ca2f7025f1","311db05c-73c6-4daa-9f45-987fc3170f50"
"5c63c75b-46ea-4507-9b9e-460c038c08cd","32c7566f-2b50-4878-b451-59c7e29fda27"
"31a32b0e-9860-48d9-addf-9e91f70a5e5d","33587df0-c7ce-49a9-b0b2-4c65c9bfff02"
"6dba5c25-6d8f-40bd-8d92-44afe33abc07","33edbfff-a87d-4388-8104-f6cd1897c316"
"36ca32a7-7e6b-42e0-b3b3-bd4472b53eb6","3408c47c-89fd-4741-b12c-64f4b4922ab8"
e02ef945-7d48-446c-8ef2-03a75e8d3d51,"35639c79-e214-44e1-bea8-a16f9676769a"
a1d76aa2-0041-4299-b176-a4926dbe4e9a,"368e6d23-766d-4d3f-bd80-40b814843cc4"
"243b0e32-ede0-4a6c-b187-69ae3df4ceb4","369047c3-299a-45d7-856b-ed15bc4fc5b5"
"9cbbf679-6468-4467-8bd1-4ad7275c63dc","36ed4e42-e44b-4d77-918e-bc4021a68e14"
d5c95867-f042-4ec6-86b8-cb6a238dd073,"36efad8a-fd37-4bda-989e-c02342dd080a"
"129f1f13-3d8d-47c3-885b-a861f9db88a6","370031d7-e351-4845-9539-7b48bb144cdf"
"7314c625-3868-4c11-b6d0-874dbdc5f78a","370031d7-e351-4845-9539-7b48bb144cdf"
aed69426-83ce-40df-b27e-b8377c4bd7e7,"370031d7-e351-4845-9539-7b48bb144cdf"
bb4c0aee-8622-4bf5-b017-212690e4798e,"370031d7-e351-4845-9539-7b48bb144cdf"
c848a214-e89c-4b83-bdbd-0fa91aba81b2,"370031d7-e351-4845-9539-7b48bb144cdf"
d2fda3f1-bff8-4f3d-baa0-a48d0347569e,"370031d7-e351-4845-9539-7b48bb144cdf"
"7e87bdbd-47dc-4ddb-825b-c91ecec9c5ac","37831efd-323c-47e1-8e92-9186462a9e97"
"060f120b-d717-4c10-b5a9-56b017a22066","38e17133-15b0-4a0a-8633-41130254d3cb"
"832d79f9-a3e7-458f-98d9-5c5374eac14e","3928d8ef-79ce-4804-8851-be93da3c25bc"
"87b10b82-680c-4660-81b8-ab9945762c73","392f3751-bf95-4c1b-8d81-5b60eb2dd09a"
"70869cfb-6af3-456a-af7d-da1faf711013","39e07fea-746f-44a3-963d-0399a30d7ab5"
"1e2e9006-6bbb-499e-8d9a-57a848026aa2","3a3fa9cb-aec1-45c3-9ef8-3fdc6158dede"
d704b69f-9101-4c6a-9f28-713bd3aeccde,"3a5f4037-a77c-4615-bd9b-ba34a5796a05"
"3b25a5b4-b28e-4d6d-9d46-06546a2220db","3d48ad8d-f04a-400f-839e-20f00b8052e5"
"92f31e93-8503-41a0-97d7-8ca07bba37fa","3eea148c-99c9-417d-9872-0d14c264405e"
a4a22a0d-762c-4c31-92f9-f2cd6f2bdbf9,"3f60325e-ef72-4772-a42c-8f141a31d415"
"7a215da8-8fed-4401-8204-285fe8bf79e9","416130d7-9018-4946-880a-6a4fd2924012"
b868aefb-049f-45d3-8653-f42c51fb7980,"422ada4e-218f-4496-88e5-be92e903b7d9"
a00b0dc0-9d8d-475f-98be-34b10828db3c,"43a74c37-cc2c-43d3-9021-66b1d6c8ad0c"
"145d7d03-b77e-40c2-93c4-95b46aa1b3b7","44bcf427-65c1-45f7-8f64-458198a9c0e5"
"51957ec3-76eb-4153-a98f-c09e3b2aac1f","45843a37-8a46-41b7-830d-ae0ff08a72f7"
"82f04e86-73c2-4cad-a6cd-c3b499e5cf92","45c2c049-2e9c-417d-bbaa-bf93d06cdee4"
"2a9f2fde-b19a-4c37-a872-07a796dad5b9","468c592b-283d-4133-92f6-dd3d67efd94a"
"31d045d2-fb50-4429-9827-00d947407705","46c67f1d-0cf0-43a2-a0a3-56dd043bea79"
"5301230d-93bc-4191-8b7f-9251aadda18c","473f0234-39f5-435f-85dc-31489604f95d"
a469b032-e812-41e2-ac36-91774d96ca9f,"47b6f22d-ebf5-4fb9-befd-59304bcafd6d"
aea189c2-bfab-485a-bf56-f9a8a2f39bc0,"47c27a9e-350e-4d2a-9bb0-6d5b1b0d6b8b"
d7ad3450-e001-42c4-8646-b97a2b70991e,"4802068b-3a9e-4c42-8d71-7f8ec26d14f3"
"9eb35871-bbd1-4ff3-bb6b-e518eb408247","487ab5a2-e041-49e9-aaae-06d754ee1f73"
"99e4f22e-72e4-4da1-a2a8-3e31d0c2cacb","491f4ea2-c0a1-47bb-9b20-77cab5683e32"
a5bc7b43-e482-460e-8cfb-99d379dea908,"492eec8f-354c-43b3-bde1-2f8e2ebf1c19"
"8d399224-6ecd-487a-bde8-ceb28a4b4b58","49b2fa7f-4071-4052-ab0f-c00f9bbb8ecc"
d035bbb7-aa1d-4766-981d-13c5f45932f3,"4aa8f141-4808-47ab-a289-def9957b94c8"
c8c5731d-ba86-4226-9c0b-40257a3ac5a7,"4ab47fb0-2ac8-465d-85e2-abe0679643c9"
"1a6ba8b1-4ca9-4296-9c97-fd2fc6cf8106","4b72444c-e361-4bd0-80ac-9eaa7a226853"
"1a88c9a2-1950-43f7-b325-b7846fcc1229","4bf99601-81c2-40e8-8ae4-92bba47f36a6"
dcaafdf4-5d0f-4f3b-b288-4971e4d6dd52,"4c26dcd0-f901-4029-b978-34e776b75700"
d530e25e-fcec-4ebb-b37f-212c944812e3,"4cc5caa9-5394-4845-a7dc-3c3a6f465f0c"
c630eeac-e293-448e-b46f-82f6620af3c9,"4d370b9e-c0fd-42d6-a0e7-2a056d553294"
"43336f12-48fe-4b05-9228-b64823317823","4d3876a07b82ac53"
"0793294f-c539-4ddd-a53d-770aed24af7e","4e666eb2-37e0-4451-a19f-216a2b96d6e3"
"0d8a70d5-f07d-4b26-8e29-884b7b81e4d3","4e692a33-0d81-4c42-8732-86004cfdcc49"
"4dc86db8-38cb-402f-aca1-303cfa014d58","4ec36fbe-187f-49a4-b7ea-eeecd23d680f"
ecf030e9-53af-4944-a54e-861274833813,"4f557ddf-f7ec-4799-8587-f8f3512f5d4e"
"93191636-a47e-4822-bbfc-9a2e9b84cf4f","50622812-e23d-4f0c-87bb-6ffb4c13d77f"
"2e7415c2-a69f-4e06-b8f3-4a8335eb280b","51d929ee-f271-4c21-8518-b216edf06f08"
aee62104-6f38-422d-a1ed-f508af95e577,"52e34170-0726-4ac0-9d50-bd72464a6aa0"
b7c5b99f-2827-4113-a80d-fc2d0d2f43e9,"534bdc5c-5e27-4aae-bf8a-34900de15268"
"61e5969a-1741-4786-b9e9-b451b0643d50","5382ca9b-bad6-49ee-923e-3846c3e3273e"
"582367e1-f899-4bb4-b3ff-b2d8278599ec","5408ce2b-b7db-461c-aaf9-a47db47e916b"
a6ebc465-7a16-45f8-a1fc-43c184b33e75,"554a62b9-7ebf-44af-aa2e-38a893269a7a"
b9f95329-3883-4ee1-b747-64d9207270dd,"55d4a554-aceb-4b27-a4f9-bf45da434f80"
"192d2cdf-b6af-4f8e-8a9f-ad062c579334","571433a6-4ef1-4658-885f-01e0cad35450"
"65d7893c-56e8-4943-b6c9-36e79f2d3a2c","57481022-f7d6-493a-95d1-83bbc0b9a8af"
"6fa44517-8a19-4489-b427-adafc36354cf","57ad1383300ab652"
"65f2e2a9-ef25-4165-abc9-e1f4d61fea21","57ec7f8b-b13f-4bb2-aae4-7a8c66867f58"
d5127727-c3df-48fb-a53c-5b5093382a42,"58351d68-0d69-4dc0-8034-8ff6b7fc192a"
ddafb85c-1d5d-4822-ab0b-e09d54244b18,"588eb4bc-c18f-44ae-909f-e918b4555d29"
db4a56e9-2a5b-45d8-9ced-c1bc7b558d11,"5978a2f7-7dfd-441c-a385-460dcbe78360"
"0a26afc3-783f-4106-a662-75aa84fa062f","597a60f2-df1a-4a0a-a154-9393b0d80764"
c847f215-6583-406c-9fb4-da94d615364d,"59a35f2c-28ff-433f-b907-50bbe77b8bf0"
"1a9c3cbb-caee-444f-aa61-a979971cf4fe","59b13a95-6115-48fe-a6f0-80fb80e5e68d"
"16e30b5b-63de-4b04-a9db-5e3b88efb5c3","59f32bed-6dbb-4314-9b16-d8f7d45b5537"
f2187169-5f5c-4e39-b935-0b89aa8683f5,"5a03f759-2a0f-4cef-b2e1-e02fafa0c4bd"
e3704f21-ff54-4433-b622-8a9792e11f26,"5aebdb81-7d38-4bdb-80cd-83cda0594f20"
"3b011595-1abe-4d4e-a12f-49fdfc850b34","5aff801f-969d-4131-bf83-c7a2ffb03af5"
dc12f3e0-d9d0-44b2-97db-69ba85e29cda,"5d8f0863-16ae-4a4a-9e6f-348adac8cf0b"
"2f825b0f-c8d4-4ed7-b6c6-b7f77e6ddf1e","5d9055c9-ccb1-4db4-96c3-1087d132b99c"
e775bccc-183e-467c-adfb-5471ebd83d18,"5e4a213a-8d3e-43b2-bac8-fc65515a5115"
"8185cb5c-a2fa-4184-8942-8abc1c6e195a","602fed46-c766-4d44-aad0-d53649979459"
"2bd8724f-47cb-462a-9cc6-abf1ac9f56ff","6059e076-4187-4475-8708-940dda1adad3"
"724407f3-737d-42c2-8853-44aff37e8c1d","60a0dc85-4446-441a-bc20-0c3988ec539c"
"0632d7e8-72b7-420c-b346-730afc678d72","61af3619-64e6-4739-ac6d-bbbc84a1c181"
e736b627-cc45-46e1-969d-89e09ffd4e67,"61db8b6f-067c-4b6c-9247-0fe735b8ce22"
f91fb316-71a7-4ed4-a759-3322a90e0dee,"62da234a-2c82-49c9-87c8-abf30b0af195"
"398ddd58-6538-44f2-a3bd-f13d7ebaa805","6336ece5-3630-4aeb-b681-c0d8b8c7d882"
e30059c5-cc9c-45a5-9841-c9bcbde40eca,"644962bd-56dc-43e7-9651-837f69f56672"
c963ee03-9978-4edf-ba72-d0ab1e9210d0,"6483866b-88dd-45e1-b36e-ed6e03b3b4de"
"304d7c27-de1b-4a75-b604-a057d14ee4e5","64d592a9-04c7-409a-ac00-b3d644625d2f"
d6da6364-64d3-4c6e-92c7-f956925c903f,"654bb700-0bdd-4120-a720-7da93d840bfe"
b92c1890-febd-44a2-9140-4c48ac3d1704,"65b8b1f0-c197-47db-8440-68d2609083db"
b215a98f-1065-488c-b926-ddf10620c180,"65e2b4ad-0160-4d3e-948d-78cd1a7cfe3f"
"3f373d07-6da1-47fd-b8b8-119f9aafdae8","661885c3-2c92-42fd-b1af-5f1be1925847"
"97c76cd6-c62b-4bbf-881d-b7137da018e6","6658bcda-1886-4228-b838-3d3e9baf2719"
"01748d84-0de0-4178-97d9-cba3bd0ea258","66838adb-9bb0-404f-aca2-c3f0e08badf9"
f73f792a-0fcf-4525-b87d-634b104b1783,"677c570e-6431-483c-a776-15af0807bcef"
bbc27867-43bb-4f64-8380-bd4b6f38b532,"677e9e31-2faf-4832-a7e9-bfa582d412af"
b5f484fc-401f-48a0-be4d-4daf1f6b65a5,"67c644b0-b9be-4950-96fa-44c2aeae5eec"
"6797d1ad-7143-4272-94ba-6aa30dcf5cf5","68b22890-1ca7-45c7-86ac-1d039ce89019"
"36ac6194-8329-4202-b21e-63054dc7b41f","69aae960-22ae-4f43-ad46-150c1ca3ebba"
"0835ae7e-2024-43af-aa0c-30c6c281c498","69ca3acb-5044-4162-8d8d-9934a32e3d3a"
"09e56307-5707-4eec-8ff6-4b1b3bfd802f","69e1ac1a-cfb9-4a72-8eb7-362297ce5e3e"
"7b2cd807-cc68-41e6-8002-131b1639e815","6a638e6f-0c33-41ff-907e-df8b6db8e22f"
"2cd9d3b3-ce20-4614-b3ac-91fd362591b5","6ae8e6bd-a26d-42c0-812b-430686874960"
"214ef61c-7af7-4c5e-9717-7ed291d524fd","6aea085a-5a9e-458d-b83f-d0912b86d63a"
"57526a73-d45d-4ded-b57c-ae33b28e7931","6b5416496d728eac"
"5a8a3897-d735-4858-a957-972573996983","6bfe4952-c3a4-444c-987d-c2debb7ee987"
"0cbbe848-eafd-4699-a0ab-7bc67bb2a321","6c3d6dec-8a7e-48b0-b59d-ce9491e4ab62"
"8a2b4f94-8a27-4821-8d78-62d67e260108","6c612923-074b-4550-85c2-d55016aa793d"
"7f773816-002f-4c19-bfa7-32d915f7e4b7","6d1d0167-a6d0-48c3-928b-c09bc240e11c"
"061f98c3-4e3c-47d9-9ca4-10e9049f68da","6d25dace-1c58-402c-b29f-d8f19f6e8f2f"
"5b5489c5-0fba-4bb5-bf27-ad8294c26289","702fe59b-3aa1-4229-b79d-e340f77a5008"
"3d047849-f6c9-420a-b658-afe41b16a2ee","705987b9-89ee-422d-93ca-5dc6f10b2f6e"
"5bdde80f-da3c-474b-868d-6aefc34b8419","707c8648-4005-4688-bf84-ef362221f4d7"
ad843a08-a6d0-496c-af5b-42d507972a4f,"708aae23-7f7a-49e1-ac74-798a9b3aa437"
"80f50844-9dba-47b2-bcd8-ee1f50545889","70f2421c-d728-4eb5-84ae-a43b539eede3"
"21accb34-dcfb-4c9c-806d-23a112f04702","7158144f-f539-4b5b-9053-deb1e14bed30"
"88c82f46-3a69-406a-ace1-3f827cce9e87","72309b4e-a3bc-4d72-8409-ba6dd9c52807"
"01b4fcdf-3e83-40b1-b211-17268ff437ff","72580be5-167c-48ac-bbdd-4bf20f364799"
ac8060e6-74dd-479e-ae56-62a184dd892c,"72c974e8-5d1d-4fda-9fc7-f19083d2562b"
"845c077c-90fd-4b6b-976a-d9a8eaf47fd6","730630b3-d1e8-4110-937c-f33137f230c9"
f43cb6f5-6dff-4360-b5d3-c6e1f5c32e3b,"7322e03b-1d04-448e-857e-5d91d6d0ef6f"
"4f5d1532-5573-4df5-9d37-33c6daf9d84f","7363abb0-d174-47c0-b469-fb318b482d2b"
"889fb3a2-a13d-4628-b764-e3b29c39c27d","7480f16e-797d-4ff1-8f24-d70a026d8cdc"
"06876144-0798-4681-bf48-ac4cca4e75f9","7483ca43-8050-4d4e-a665-c6db90c69f02"
"981b8b1f-8621-429f-bd67-fcc88f519c78","748c133a-f473-4a42-8218-45dc1b925ad3"
"928ee600-2bea-48cb-b204-138998152dd6","74adb13d-e3c2-41dd-bfb7-ab08dfdb75df"
"3aedb42b-b470-4dd4-8180-8c428176cca9","74f17309-2cee-48c4-b363-a9520a4096e0"
bc960980-0532-4e88-89b8-493a8f113a3a,"7583e006-c881-4c91-8506-e7c72a0b311e"
dc3bdf62-0143-415e-8b16-e8902c466346,"75b053e9-135b-40ee-aad7-1aeb8de5c871"
f40195bc-3ed4-4125-b693-7dbe94e70b3b,"7602d00a-49db-4532-bfa9-093c91207fca"
"0cb4c89c-69fa-4af8-a2cc-a8dc2e9c94d3","769929ad-bbe2-4e63-8414-6e71203f1b7c"
cb0865cf-835f-4288-b89c-fe2311b8376b,"77cdd3e7-5e0b-4c7e-9b83-650d711c28f9"
"243b51b2-0948-4c71-853c-f8cd05ba0ec6","77ff43f6-62a1-4d2e-9ece-c4ee611a8d72"
"5ba1c76a-48f6-4232-9ba7-c8f37c8dd717","78e69407-f2e5-45a1-97db-627a4c616ca4"
"68b376b3-6768-4faf-983a-1731a0d15106","799c2eb376fbefa9"
"55f85685-c943-46c8-8a19-036fb0d143b1","7a30c899-8867-41ae-a9d9-f1ecafcd76dd"
dedab691-041e-4166-9821-2272611f1e5f,"7ac673a0-d379-4a74-b8f7-0eb6c568c7ef"
cc7e57c4-f44e-4af0-8f52-5244ec43f4a1,"7c15407a-7a54-4f08-bcbf-5bdce0e2c6e1"
"0ba8c42c-ce07-45e5-9f25-d0d5c157d6e1","7c3f292f-b6f1-40d8-a3a2-16c2e61acb73"
d2f5674f-3d87-4673-b4a4-9d41d556829f,"7c8dfa00-e1cd-4466-a7f0-6582d1b3a31c"
"71e129a2-3fca-4ff2-887f-829bde52a472","7cf5daca-27d6-47d9-a28d-f760cebc273d"
"48a08a75-64d9-43c4-b3c7-431b3dd46772","7dbdce65-cd7b-4297-9f49-ed25c1ce1ffe"
"9567ecd3-12a1-41dd-9450-1813119222ba","7e1bbd82-cb21-4018-b2c2-74356e661e1a"
cce7a914-3963-4c8d-bd13-2c8e0554c5d6,"7fad0da0-78c4-46cb-9724-954b3d56ba60"
"5d6989cb-244a-4d39-a3d8-bb8e9aec1748","7fc06b6b-377b-497b-b830-57df795f8d17"
"9f3fbcad-aa64-4d6f-98fa-b1e88c9891c9","7ff357c5-7489-47fe-9fd0-88f59c390812"
"537b99da-83c3-45c0-8b57-a1cfd760c3ad","8129165e-8146-4568-a35e-28f747286637"
"38483290-425e-4775-b1fb-1f3ba31416b7","813e7f61-3b08-4a52-8ed4-8ba94b1254bd"
"23a66cca-f8c4-4e4c-9fe2-2e5d90342134","819e5b22-39af-467c-b5c1-3246c330a0be"
"05bf8418-2055-4fc4-a9eb-6bbae4674fc6","81dbdb4b-f38c-47a1-9741-e86d9a639abc"
cd5e9ab5-2a98-4e5e-aeab-b2a577e2f95a,"82573f0c-c62a-40e2-885c-dc5d9b74ee85"
"2596972b-6f67-4a88-9651-1c4900d5b718","82d2d386-365a-40a9-8def-2d1d02ddd307"
"1b4c12d0-8c6d-4ff1-bbfc-2d7bb85356d5","834079ca-b144-4229-a20a-ad69455ff845"
"173b7236-14ae-4d77-9d42-752767cf168b","845eb763-ce54-40ab-a6df-4b6c510c7042"
fde14cd3-fd59-4cf2-a7ca-deffdde76c31,"849ce1cf-1ddb-47f3-8098-e187edc63150"
"3cd87b09-0ac2-493f-a3d3-dcf752711e45","8535c26a-eb05-4fbf-86d3-a2ce3470c81d"
d44f18f3-3f6e-43d2-985d-fea1ec49d31d,"85b9f490-4863-4930-a7ed-557876d9592b"
b5d1dbcf-38ce-40ad-adae-8410b2314ee3,"85cfa5ed-9856-46e3-9143-3d26206480bc"
"7bae4e0a-3b52-4146-a83d-8ebfa05fd5cd","860f2185-349e-48a2-82c3-588f0a009e40"
"606dd860-457b-47c4-8c3c-1ca02151b9c5","86740200-374e-4e07-a1fb-6373ab4b7008"
d5725961-7b3f-474f-b1ef-0e33b92a3f0d,"8692de80-73db-4cd1-ae7f-6ca2b51e1ce0"
"7e2de003-739c-45dd-90a5-31d8f90589ef","86e07991-d170-4caf-baa1-236327b34858"
bf8743fb-e17d-4893-986f-792f5c87d032,"873d7dba-6196-4853-9ad2-a85fe854fe12"
a34e9b83-a93b-44f8-be57-f57c7804262b,"87f0de52-1c39-467b-910d-f3a8a9e01d1a"
"9292d68f-81bc-47f7-8880-1a958496bb0b","881388cd-d227-4dbd-abaa-7ba0a7284257"
"316d2779-092c-4d3c-b917-0ef72b4dc545","884deaf8-5b6e-4577-9947-5399fc68b8ee"
fe994e06-3e94-477b-81af-fadca3abf7e5,"88d5df8c-8386-4fac-b501-d3faa94095ef"
"23055ca9-718d-48ea-8391-3ac42973616f","8abd398a-1c38-46df-86ed-f4fed1dbb431"
f5b8a3d3-5fc3-4c19-be39-6f3fac5dbc16,"8b1c9d69-39fa-4740-b5a0-b0ec04888bda"
"31005755-c1f8-4a20-b3e5-125449bf2385","8b8b4d75-c614-4ab6-99f0-11c30a7066d6"
b7eecc1e-81ec-42c1-b007-2b8455c2eccb,"8b90fea1-5666-4f50-9c5d-445f391c4128"
a1671ea8-1504-4c6c-826e-de581ba2ac39,"8d335296-178d-4b2d-a2b4-47c72a68af48"
b4cdbdef-596d-4f85-89bc-7fe3023671b4,"8df80cfb-cc9b-43e0-80a9-4fb7f50bdd73"
"4e87a8ef-9e84-4f77-bf31-516834c19a96","8e647dbd-d793-47ed-b997-7fcaaf182cac"
f3aa0812-5e10-46d5-94d3-8c8307d65f10,"8e7f4147-30d5-47c0-af68-f2d2133a9fb2"
"73ccf437-7fa5-42e7-bab7-98e3f6bc05bc","8f10e127-ab4d-4143-bfd7-1f3b7f8b6b0a"
a8e2261f-7dee-4aea-92fd-0982693e77ff,"8f12ed42-2e55-42ad-8516-130bbf0c17be"
"5fbcf17f-5f05-4d52-9a3f-4058780f37f5","8f75b6e4-e07e-4e04-8c6c-f847f9a069cf"
"789eecab-7783-41d8-916c-3418728d4bee","90883df2-cf90-4730-a911-9f8abe62ad2c"
"20306a7c-4443-4df7-8da2-53f3a2c39fea","916b04f3-93e6-45bc-b84e-fc6b81c8c6b1"
"40f74a30-467f-4f6d-87c6-f246191b5161","916b04f3-93e6-45bc-b84e-fc6b81c8c6b1"
a98d0704-d148-49df-8c92-69f48505f1ab,"916b04f3-93e6-45bc-b84e-fc6b81c8c6b1"
ed4f5512-6a17-4e44-9798-affeb7a849ee,"916b04f3-93e6-45bc-b84e-fc6b81c8c6b1"
"585e7567-128a-4e58-9b91-47090a8a8d35","92448117-ff59-422c-9cb6-8f2dbed31c66"
"0b9b7b59-6927-477a-adf0-4a553b32b774","934e66c1-3fe3-47c1-917e-07024edaba7a"
c3829719-8f27-4a67-a60f-e43ee4d9190b,"938ca20b-35d1-46c2-b32b-bd802152bd85"
"5bb16b83-5393-4b95-a961-9ca5f57b60b3","93f20b52-b0c1-4b26-a389-d8ffcfb758c4"
dd0ea717-08f6-480b-b26e-e209995a25d8,"953a2841-299b-44c7-86f1-06c27d34c8ff"
bfec9f5a-d033-4cb9-b0f6-0a0a8f9d5933,"95d8d545-43c8-42db-85c6-3f45c8f59d10"
dcc00295-e804-47f7-a2d3-da4c12c1d19c,"95ddec81-d85a-4df2-a849-85af28d98cc1"
"8969e536-3670-4570-9d83-fc66bdab4af3","9637533d-71bc-47dc-9745-0a21a050cef9"
"04378e93-0f5a-46f0-97f2-04112abc057a","9818373e-0978-4b38-bb3b-2bc7ed57d6b4"
b21036dc-026d-4e3f-a821-3541f093fb50,"98a2a070-65ba-44d8-aba9-5a5d7b819318"
"5171e4f9-4f8f-4f5c-83f3-84e46ee224dd","98a97aba-c662-4af8-a862-0a8871239b45"
"3df784c3-977e-4bf9-bd3a-969c6ab5d664","9940567c-ef1f-4d0b-b555-8136cd56c225"
f49a6d01-72e0-4e52-8020-447897f995c7,"9941651c-cbfc-431e-ad10-bcb05887bf02"
"854cdd2c-c0ca-4399-9e3d-72aff1fbc1ce","99b0a57f-242c-4618-ad88-975d4ebed9bd"
"4f086031-0269-4232-a12d-ac2d3787d729","99fc1c8d-b1b7-43d0-8d5e-2955cab0851d"
"5e5c1fc1-3457-46d1-8545-08106f7566a6","9a245f8e-1dff-4e64-a5ad-0ce693422be5"
"00a94ac7-f9e4-480d-8429-cfd76cb677b9","9a479230-1cfd-412a-9b4d-bbdd61ed204b"
"57d76adb-8fc2-4083-bfca-203dfb70deca","9a4a76ba-4311-49c4-afbb-f9d3355101a8"
"189f781d-2786-4b79-9338-05f0ad600ff2","9b828b50-a8bb-44a3-8bc4-3f794a0afebf"
"9ab56343-bfb9-4e31-b79a-065313f292bc","9bf016f0-39c9-41b0-a5ca-5a7c6f8b749b"
"9fcdc344-115f-4f60-a4f2-849ed0f3e431","9c8e3dee-6a7c-47e2-be17-e6a5679d3677"
"9b89f882-7f58-43aa-9d60-2cc0242dad33","9d01a6fe-dac4-4103-8920-8a712cc7ae91"
"6fb9884d-5497-4d61-b31a-41a76138b453","9ede7572-471c-44a2-acaa-549f6053feb8"
"2f72d602-b75e-493e-91c9-e06a16e3a6f8","9f201bec-b158-43f1-a836-fd466929044d"
"1dd2ba46-1f3a-4a39-a77d-1a5f7503b421","9f8e9797-a002-4a2b-a8f6-ca0d85dffc5e"
"59c5accc-9f56-491d-ac0e-d6a910fb3cbf",a1939f74-09ab-427d-b22c-c4ba0b495efd
"8a5fa2a7-35c1-4563-9df7-696a83f2a94d",a2061152-6ef4-487f-9760-0976a15b68f3
baf2158e-921a-4f1e-a0c3-2a1ff2e453a5,a24604d5-f355-4579-9f27-4fa29cc4b983
bb343c2a-3f8d-4558-8cd0-503d31d0852b,a24fa933-0ca5-4145-a374-59f376257a05
d5ef990d-3ac7-4f1f-a98c-68d80b13531b,a256cd31-f698-45eb-879d-1edef5464e17
c80ab10e-6e53-46bc-93e6-e78b68279ab9,a3842b5d-335f-4caf-9a66-0f63990945f3
e6a20f02-e8cf-4b43-92c9-6c35e4b17b0b,a3d185b9-e7c6-488f-a4cb-90cb2e5b077b
"953730d3-2322-442c-b0ce-560b054a00fb",a4862ebf-df5b-422e-84db-cb3716767631
ffe1a818-d91b-49e3-9eca-6e572836268b,a50e0fa2-f6d2-4c2b-a5ac-88e694e258db
"470893e8-b3eb-40e4-94c8-12597c371f0d",a658397e-e234-46ab-ae97-4dc896ef4bfb
"2ded8aea-74c0-4f67-97b7-78dd2ee6a934",a69bc3ac-e2b3-430c-8c22-4e04f5b16a8f
"7e2ee32b-e25d-4570-b525-ac6083aefe4d",a69f83e8-98b9-48ea-b9b3-bf733ad1cb60
"65492967-883b-4525-9393-92421798edf3",a8f563d4-ae25-46a1-b8cb-78c20fefbd48
eb19de78-95bd-4f7b-9065-3af9a2a14093,a96a354e-5e82-4b09-a597-bd488cc15f64
"84308494-ea67-4394-9e66-dbab38972e78",a9b6d9a5-bb48-48ee-8c6f-3c7156fb4792
bbb83639-6a1c-41f5-a44c-dcd2a057c776,aa7d437c-49c5-4590-a108-dd0712a891a0
cdafcb21-da22-4ee5-9083-1e221fd23e3d,aa837ec6-20a4-43fb-a9a4-ff63a395b7ce
bcbb4455-5108-410d-bc54-a2c7e9aba7e1,ab10f854-e493-4b0e-a5ef-b71580d92be5
"403ceb8c-1618-4f3d-93b4-49ecdcbc7ee8",ab685b8e-c2de-4dfa-aaf0-d5c49f995d1f
"86b48002-365c-4dd9-b6a4-a88ef5b78427",ab68ad23-3bb8-4b69-b7f3-e2e585d57be0
"18909296-6c8e-46de-8f78-24d386874775",ac998728-eb00-403c-97b5-24796dbd1d13
"28cce7b7-7932-41af-83a5-e138665a93a4",ad2f1aaf-bece-4f34-ba16-609cee6b9a7a
"5da6ba4e-4103-499e-b378-10504cc7307c",ad442e0e-6fd4-406b-afde-e97fbf25f250
"05185b4c-c6e0-4a3e-a60a-5fdbb73d560e",adbeb76d-7210-4293-80dd-4445b6f0dae6
"197a73cd-fea9-4b1c-a984-7c163002fdfa",adc9ffe0-4729-407f-b0dc-798eb4c3680f
"23fcfbfe-7381-4db7-83c9-ebea1340fd60",adc9ffe0-4729-407f-b0dc-798eb4c3680f
"33e5a735-af81-4fbf-869e-9c43d889f852",adc9ffe0-4729-407f-b0dc-798eb4c3680f
"41fbc72c-4e77-4b08-94fa-f73f121d274a",adc9ffe0-4729-407f-b0dc-798eb4c3680f
"4749dcf9-7b92-4268-89e4-01a785abd9ac",adc9ffe0-4729-407f-b0dc-798eb4c3680f
"4cab525d-60c5-46d4-987b-b3f0df7f25b2",adc9ffe0-4729-407f-b0dc-798eb4c3680f
"7a3b2a58-c209-4255-be05-beaad5ae6f7e",adc9ffe0-4729-407f-b0dc-798eb4c3680f
"892b0f48-235f-4137-b9e8-14d93ec974e8",adc9ffe0-4729-407f-b0dc-798eb4c3680f
"943b5d6a-94e6-42ec-9004-2f058dcebbbf",adc9ffe0-4729-407f-b0dc-798eb4c3680f
bef8b283-7f1e-4a43-8ab6-37da73839f12,adc9ffe0-4729-407f-b0dc-798eb4c3680f
d3af0b06-f520-4b9e-b573-ff6c9bbbe223,adc9ffe0-4729-407f-b0dc-798eb4c3680f
dd15ac9d-35e1-4ad2-a65b-b13b1129f5f4,adc9ffe0-4729-407f-b0dc-798eb4c3680f
e09b0b38-5ccd-448a-afdb-6b41dc97c21b,adc9ffe0-4729-407f-b0dc-798eb4c3680f
ea17c78f-382b-4f8c-b9c5-01112eda7765,adc9ffe0-4729-407f-b0dc-798eb4c3680f
f7ee39f1-4059-499c-99c3-46332eee56b8,adc9ffe0-4729-407f-b0dc-798eb4c3680f
faeaf1b1-ffab-492d-a663-64515560efeb,adc9ffe0-4729-407f-b0dc-798eb4c3680f
"9891500b-f482-4105-b1f5-1296cd56202e",ade886a3-a870-4490-a634-5ec8d3fad430
"03888d48-5b27-4eb6-be85-5b5b5fd6c67a",ae483154-3b0e-498c-9490-2be6d0c7a723
"11e05d3d-bc34-45e6-845c-8eac035f898f",ae5320e0-3a38-4c0f-bb1d-557d3ff37fd4
"26f8480f-dab5-4b9d-85da-dccb5cb9e64e",ae7d7e89-ca8a-4586-8ff6-47de433d7b93
bb9a4287-d83e-4240-8d6f-85be9453e3c7,b10435ca-c136-45e3-b5cb-545f12263852
e0fb2358-8e00-4cf4-872a-3a62a17094e7,b1104bc9-87fc-431c-9de5-32e69e3843dd
"16a76ee0-6925-4b0b-ad7c-1e04b0334af8",b158ed98-879b-474a-bc1d-5a27d85d6404
"813466d8-4345-4ce3-8e8a-f68788684331",b1e1186d-b44f-4f72-a0ef-ccf175f0be5f
e2a9b4da-2c00-4200-b44c-2a836382dc1e,b25913fc-cb06-4abf-8e55-fdc83f743ced
"487539b2-7dab-4669-9087-61ec6936297b",b3aa9f49-f1cc-44af-b373-fdc6b4f4040f
"11d824dd-288d-46e9-a6e6-d11a94fa274e",b43f35e3-5a82-432e-ab3f-e44ee32ddd32
"0b132d1b-1f16-4938-b8f0-c7e17f88de2f",b47bb99a-b640-4e36-bd15-07033fb4f0fb
c13cf1f9-2e41-41fa-bfa5-a29353d67c60,b49ca9a7-8ac7-4707-a4dc-353bb67e8177
"859d0d82-6d7d-4d6d-86d6-aea6fcf83dc5",b5694028-5c35-4217-af01-441ff4f3da23
"10c24651-e6dd-4c39-8591-cec22d49f0c9",b58e7688-8a83-4dc1-808a-a7b2456fcb03
"68edc639-6a0d-4d45-8508-503d80e5a3a2",b6433285-a5f9-477b-a1ba-2cdd64f87052
f6253642-af28-49cc-86f4-4fec83c2b4df,b698fdd5-d1b3-45d4-9a47-c30d4851be65
"08d7dd5a-fd47-4b2c-b63a-03813778fb1d",b730d38b-a57b-4f28-b527-f10cc7bef2cc
"1a22ed6c-b63a-49ef-a350-f62437258f14",b7a42120-3034-4170-b477-a10a5bcb6fb7
"65f932a8-f7cd-4cb3-9bf6-a06b7e47ef0c",b80ae8f2-c50d-4102-841e-fb326d535ab1
"90e476ea-f0bc-415f-b538-dcba4da542d8",b819c381-fbe8-438a-bfb6-5575ce356a21
a21b644c-fde5-4339-a1bb-a886f84921f0,b9c5b715-03ef-43d2-8b14-392fa4756f4b
cf43cacb-d4a7-4fe1-9168-dd5a599a2735,ba0007fb-0286-41fa-8f5c-9cd44d5500a0
"09d169f8-8ade-4e12-be56-1837242552d4",bd0fad29-12f1-456b-83ec-5a5f6cb0b11e
a8f9f7f1-fb62-42f1-955b-2ab73cfba65f,bd8443a8-dae3-47d5-b87a-ca0ac6cd5b01
b6ba3140-1ed8-4571-8c1b-4c31c9f1f9d7,bdddc1f9-69ea-4f0e-9ce6-e4c910cdc8e7
"912d8ee0-d8fe-4307-9957-45fe55246026",befa4453-07cf-4112-9837-7b718e126d3d
b50cd393-5f79-4292-a8e5-95d0ce7ac241,bf23ed05-31bb-4052-94b6-f0a816512525
"88476ff3-1a1f-4155-99a9-52547eb565c1",bfeafb17-e673-4b21-8a9a-93a2928dd72a
"298a8a75-9883-4baa-a01e-d3a13bfdee87",c09fd638-ab85-4e0f-905f-547f24995ed7
"783796e0-a85b-4cd7-9f91-89720c9cc732",c1332554-ee0a-4034-becf-12adb7769b40
"3d07bc89-47b3-428c-b4d8-589e3fe08423",c336c3a9-7844-44d3-8c9e-ab880241443e
b61b4f29-443c-4631-9674-56ce0bae1fdc,c336c3a9-7844-44d3-8c9e-ab880241443e
f0ec1292-f91c-4298-aeb3-8bd18fb088bc,c336c3a9-7844-44d3-8c9e-ab880241443e
cbf60f31-fb40-4dc3-8239-472ffc46ee3e,c48a2d3d-d620-462a-948e-22b829c8401e
cb40e423-0d9a-419b-a740-e17758fc9974,c557957a-763d-4e97-879f-f22e087e36b3
"8ba310b2-2858-4e5b-8bbf-121a5cb2b0ef",c5b93321-dae5-4adf-89db-a4d2d29df48f
"4adb10e2-2b0b-459a-a23b-c18f3c757543",c6249419-9558-4909-88a7-5909e75cf663
"76402ae8-5990-4830-8e69-3fcaa31fa228",c6676a81-e352-469d-b84d-caf855fffb98
"61907b69-e36f-47a6-86c7-388682ddfe2d",c841c791-e933-4fb5-b74f-8c2741572723
"1fa7e91e-219b-428b-88bd-46cb303fbc7b",c8ceeb25dda3f872
"212f6f1c-934e-4ee5-bb04-88d455e53222",c8ceeb25dda3f872
"3d6b9449-515f-4a00-98e6-05d28073f155",c8ceeb25dda3f872
"5099b2b2-fef5-47af-a5b5-2a09722e0189",c8ceeb25dda3f872
"635f54c0-bd0c-4821-a2a9-fd7fdffb8151",c8ceeb25dda3f872
a294c437-175d-4f10-8899-1ba7b8e38f9c,c8ceeb25dda3f872
aa643fd2-59a9-44fe-b5bf-a5a47e85668d,c8ceeb25dda3f872
b846575b-819f-4755-890b-e31ac741f21a,c8ceeb25dda3f872
f0860179-d2ef-4404-a593-bc43025ae626,c8ceeb25dda3f872
b45764bd-0eef-436d-a63e-46d13458e35a,c8e8395e-16e8-4d75-9659-5264bcc311d8
ee61402c-1363-44ca-9222-c16126b2af80,ca5af6f02830c299
"4ffa067d-2fea-463e-a3f8-492c58597a58",ca8a15d3-6f74-4b11-bc6f-a0619a20a1b8
"8b25ac90-b9ef-46d8-ae0a-14150b9575c5",cb2a7e56-df74-4262-bc73-7b7723ba9216
b79556da-6690-4196-a72b-d4a53819bee2,cb354afa-ef1c-4b02-9467-f2147c46a6f1
"6189113e-f7e4-43bc-846f-f22316832df3",cb38cb30-d9db-4dc6-ba20-99b94dee423f
"6a30ed74-9eea-44eb-841b-5990423a26a5",cb71340f-347e-4e51-984d-8748732b9a0e
"6ffd3fe5-ca14-4006-afac-5cc4d0cb4020",cb92f0cc-23f6-4377-9d97-3655306fe7f8
"9fdf949d-37dd-49d7-b529-765b6d20059b",cbde7764-e122-435b-afb2-c16c596308e8
"3f96d245-3e73-4938-aaf1-ddf778e28f5a",cc3405f8-ba97-4c7a-a126-ded2b6165fe7
"7cc4e663-671a-4c77-bae1-6b0fbe36ba16",cc457868-3a76-4f18-b5c5-7766bb0cddc3
"9fcb935b-0843-4203-bf3d-6cdc7e0bf188",cc7367b4-8b16-44c2-89b6-3a861f1799b7
"09057f99-0bdc-45c6-b3c1-be7b76139a7c",cd1c3c42-c54b-45a1-b850-a3a826ab9b06
"98a0fa64-96bc-4880-a46d-cad837ea5f7e",cd29e37a-2586-4061-a666-4de54d8374f5
eb30e7ea-c481-4ade-9d51-9ea0ab29e571,cd890296-59c9-4208-8458-7c3150c65506
b7b5b859-3fa3-414e-9b80-09a55852c394,cd9a12f1-8098-4379-a3e6-a3f18230851c
"338f0ad7-e915-47a4-ae41-8b5a71343f79",ce7aef46-6013-4797-9380-4378e4ce4b32
c796a473-fa32-4773-8675-8f8312a763e4,ced11b6c-6324-47f2-be0e-09b253818cc1
"6fb3e7d6-ff67-4f1e-a652-f54c17d13b83",cf384768-592c-46d5-8316-4f5ff3ba6ef2
"5875e2dd-1ad9-43ce-bd89-0ec8eff8cbe9",cf84ebe2-110f-456c-949c-ba956907d158
"2efa94c3-ff33-4c75-9f27-b88df90111bc",cfad3df2-ed78-44d9-9c07-dc83d1de49fe
"3fe2d73a-b090-47d9-a5d3-e13718791f13",cfd51c8e-ee1e-476c-b8f8-005b4c5a8741
"94606b4e-db0c-41b1-b28f-60f792498fce",d049bfb6-8c5f-4b91-bafd-172bb4348476
b6e852c9-e867-4fa4-b955-bb883c5edb44,d1b8f7a2-ca8c-4d53-8bb7-23dd8259fa7a
b9520e59-af38-4842-8882-f41f3dbad8e0,d1c9b970-9691-4791-8f0e-078417001e81
d12b72ea-7c0c-44b8-87e9-180be8543446,d2501eaf-a742-48cd-8773-5d81fa10dd1b
"1dc18360-f292-4bfc-bca4-e27f3e2a5d07",d27eef68-d9a9-4281-a33d-a5a3c7fc79de
"1a43b9b1-0be2-4e7b-9cc4-941f9376bb64",d299906b-fa3e-4aab-b830-0b8f04f33d9d
ed275a4c-36e7-481d-b194-bbb0e6fe1714,d2df02d1-3d03-4fb4-a8bf-5ba607875a00
"32536a24-446b-4c7d-97d5-c199a26b79e8",d35939e7-ccaf-445c-b7b6-fd8cfc913fe0
"0dc29240-3276-4b63-85c0-a941a9cb9fac",d423f7b9-73c7-476c-ab43-3281c78ee7e3
"6efd1369-6514-4ee3-ab82-731c80e5f618",d5800306-acb6-4ac2-b1f1-80c533884d74
"6906abc1-73ab-4e2e-b010-ce7fee1008e9",d70ff1f7-f546-4e2e-97ef-b2890239b654
bf58bdf5-a248-4c86-9281-53ee296959be,d738d277-c308-41c6-88ab-29412beeef8d
"541f8630-5be1-4888-b203-acacdfce8932",d788be13-7156-429c-883e-fdba16a483d2
"60343284-445d-4bad-9d43-6169aaa4547f",d7db48dd-9b04-4d2f-b913-89f0a619ac0a
e8fe024c-05a7-4ecc-bb46-4306557a4530,d84b37d3-449f-4bec-9df3-260fc19d6f97
"8c1ebe7b-c66e-4b5d-bbf3-f872655f2795",d9af99f7-c71e-4298-917b-bca4ffc53568
"07a2adec-0a36-4057-bcca-ae3358405fba",db0e0699-b395-4d79-924d-c5bfbcc09dd1
da08d8d6-2587-4abd-a205-ec65e07aeaef,db4a920e-1809-4ebd-8c76-17c4fdbf2edf
b58fd3cf-b35f-4dc0-9a75-78c5e0aa7cb6,dbc7d733-c925-44f8-8e85-c8d8b09cc009
"5d27c2d8-7b60-411d-af8c-12d430a0ee24",dc0fda6e-bee9-4de0-b7e1-068db77d1a76
"642a9d67-fc2b-49c2-9cf1-432bfe8e0b89",dc1ae500-1cbc-4ae5-880b-b546484cf70b
e582111d-4f4b-4089-b122-f5e368434c93,dc97fb67-3327-4e58-8c0e-b599a9c26e86
b34a8e2c-c5aa-48f9-8dd3-19b32d12ee42,dca32d68-1f66-4c8a-b911-9b93518c981e
"76a30bb8-6970-442f-8b6f-1151075bda8c",dcad6bf6-3257-499f-8159-b00a4a784a54
bf63fb3b-d6a7-4422-bb89-2ac30977d854,dd0e2ac7-356d-407f-89d4-57abc781880f
c89b0f1e-ca19-4dc6-9737-b4808f0630dc,dd4fefe1-ea58-47e6-957c-01df54e6f2f2
be0db445-b9a6-4c93-8e15-32e80e35ce70,dd95a381-4ae7-4270-abfb-f8b771ef9fb2
"85227af6-a201-424c-8620-d2752017d111",dde4b587-3d89-4a39-bb94-c5cc5dfd57f0
"6b788d2a-63e9-45f4-be79-f8b854394346",ddf246c2-6f28-4d4c-a410-ae12e1d7f9b1
d2a670c5-edb9-483a-8bb9-e7535cbcb5ee,de3b5f6d-d147-452f-8fe8-b1d7a8289847
dc6898cf-1408-4b77-ad14-a7c023cc6bb5,de648595-9c9a-4f94-a6d3-be8b2f0e6d29
"3f493e8d-b65d-431d-8795-fec87308fea9",ded535b0-dd26-4d65-926b-d03415edcaea
b82ef48b-5951-4d92-ac5a-3eb33c87b014,df8d6703-a8cd-4222-9068-6103281254c0
"314719ff-3100-49e2-b9db-da3ab577d62b",dfcc2c6a-893e-411d-bbc6-5232b12f8522
"1044a02a-1f03-450b-b3f5-bf0e8feaec2c",dff21d92-3be5-4acc-98b7-9b75718e397d
"5ad51feb-b13d-48b6-843e-7b6fbe648332",dff74818-78ae-4cdc-aec7-69644a421038
"89667a0d-9250-43d0-a248-6712c65701f5",e052654d-74b4-4ebd-94da-271d61223213
"0541fa7f-c2f5-4d93-a86a-a6ae857d06bc",e085b6eb-5ed8-443a-9b70-e818770a8bb1
b23aebfa-6ed6-4eee-b128-775d01170f72,e0fc27d8-d27e-49bc-9337-c15b398808e9
c31bb6d2-1f83-495d-a67c-260fcf144365,e12f9667-fdf7-4e5e-8276-9f8e9c8aea37
e0531289-b1c6-4d4b-95a9-fe18506b20eb,e1cd9abb-5d95-4085-9fb4-3afcb3269dba
"4eeadd90-3d7f-4cc7-8723-e7cd8519732c",e304055a-9dd8-4dc5-a02e-9fce253a05c2
ae33e0ef-d6e9-4a0a-9a8b-277f9fa86b1c,e316aef7-9699-43df-bbbd-3653a60b7d3d
cbf9d226-cc92-4521-8424-d07d9ae4965b,e32ae857-a584-4c1f-a177-79664cc8db32
f09054f7-6150-48ee-b158-aad1afe9706a,e32bd1db-f47a-4826-9688-48610ca55f0e
f3c8c621-7618-4d4a-8e05-9975233a8105,e3598d42-5078-438a-9bbd-09047f456476
"2629be05-b338-4c90-ab0e-fc9a11af19a0",e5f8501b-2025-419d-ba4f-7914e2e31462
"6b6fb056-84b7-41df-97a5-c016b59da7bd",e7d66e67-82bf-4aee-b56f-815358e862ba
"0372f995-339d-4402-a8ce-0aaacbdc044b",e7f4c230-204d-4180-b1de-ec2d74b14b31
dd79c5c0-cbed-4f8e-970a-31f64544912d,e84111c4-4f83-4246-8690-ebf133130f21
"5f9208aa-ea4c-4c30-8341-6783c21153e8",e899e1cc-c35e-4982-9503-46fd4457d93e
"22ee6970-dff6-48b8-8e62-70b3deea6fff",e8b35766-4614-4183-9f4e-5ab946571f27
"8d3c9d4c-c8c4-4bc3-b089-fc166728a1ff",e99e38cc-c392-45a9-9409-64dcec3f0e0d
"287deec7-10dd-4716-b005-e01d3f6df8ed",ea504e6f-fc1a-4aa6-97a5-59f3c5aafbbc
"44a88eeb-29b6-44d4-af2b-a3509162bab8",eafb23b1-8b09-49bd-96ee-a815793f456d
b191babf-f71c-4dc1-b409-623c0fd885c2,eb0316cfe09dd6c4
f1d36e96-342b-4ecd-8066-da03fd834188,eb196326-a9d5-4f47-9f04-8bf5e7629cdf
"70de88e5-1538-493e-8623-5a61179c6a63",ebd84737-cffc-4b71-b80d-42cc69a38900
"370eabca-f8c8-4817-9795-c0406469e322",ec55be5c-b6f9-4464-8727-63fb810ef252
"0cfe6332-ecc0-4958-936b-501508aa1431",ed3cf797-c234-4bc8-9c1d-b0a991ce0c56
"74bafe80-99e8-4e02-bb4f-d1ec78c67d73",ee7808e3-77ee-4985-b804-8ba00adcacf2
a3f4be81-6609-4062-88a6-95833be80be1,ee8736ea-3f6e-417d-957f-95f24e821ab8
"4e524b56-a550-4aab-99f0-8e7b2747b214",eebed1af-1069-4de5-acea-fecee556d35c
"1be73e7b-53ce-4b84-98eb-9f8d957d63c5",ef77de1a-88e0-4780-afab-a68edb8b9b32
"90fda862-c033-42bc-9a3f-85693f254e4e",efed4927-c7c3-417e-b96b-deb17eea9506
f1b0b519-8e6a-44fd-9630-694d0b463198,f03c84d3-a7bc-48f4-9f0b-7ddd19ea234a
"2bbbb702-277a-46c3-9c47-e73154ce5e31",f0d5d027-648e-4058-9fa7-fb94265471f9
"12ea8007-ebf1-4c2c-962b-c4fd7661d6ba",f0dc40eb-2319-4e59-abfe-897d4644938b
bd0eb000-2274-458c-a77b-4e40456535e7,f1aee7cc-bc5f-4359-843e-22417f600373
"137809a4-dede-4159-899c-774ea0aedbb4",f205d113-f174-493a-a34d-7545256a5c6f
a42e47ed-1839-4e63-9a1b-b29c19dc95e1,f28fd5f9-a7a3-4dd0-9ca9-835e81d47e16
"4553bce9-c1d9-4529-a875-2d150e3056c5",f29e669b-3ef2-4101-8415-a259009f17bd
"58d836bf-a9de-4e8e-80e8-aa0d96244ad9",f2aab7f7-5235-4bd4-9631-05497fee5da0
"14f52f1f-f906-4f3a-8d6b-27560c3d10be",f2d537ca-30f6-4b07-9850-f30649165b09
"7415a2d6-c247-497b-bcf5-05372ad1020d",f5d9ea09-7391-427d-930e-8c1e44f2c071
"7e5a0c8f-f12d-45e0-a675-3e1439be0c38",f613e4e6-3fea-403b-b9dd-61f2d1524e60
f8c6238b-7be2-414b-b53c-16e08b8c062f,f636113c-598c-43f1-9955-fca2d210fe67
b330e7af-e684-489d-aba3-cf16656c7056,f6691eae-2b33-4748-affa-826b950575c3
"7017e609-9427-4c4b-993d-6ef777239133",f9a6aeb2-71a8-42f5-bc19-5055d46410e9
ee18cae4-39da-4cfe-bd3d-82bc33abcad5,fa57c15f-6a1f-4f99-a640-06b448bf8eec
"5670f626-a59f-4cda-9a37-674c8af34281",fa67b14b-2214-47dd-b989-762aac2e62e4
a08f0908-b87d-42cb-8dd9-685f79f91edd,fa92978f-221f-48fb-9f7e-cc898df08bab
"8f47a3f4-e20b-4e57-858f-1b7b2206f9b1",fa970fa4-db64-4d2f-90fe-d68c1c48abb7
"9ac472ce-8c04-410f-9a2c-95ad51769315",fad481ab-c640-43a1-bb1e-24cf93f8ce63
e3324cce-5f9e-4d06-922c-d19349e4c919,fc9dc1a3-6081-45d7-ab95-d3b7561268ee
"167f1567-d5f6-4312-8fa2-37f64fcfb044",fcf3e9d6-790f-4dfb-aa82-833977f8833b
"09bb36e4-51e1-481b-9153-6bd4cd1ff5c5",fd587fd3-a63a-4393-9976-b9e25bf2cd18
"80b0bd37-f743-4987-be64-e1dfcbd58405",fd734d00-4ed1-4a38-b901-9c3d3840338d
"9d7989cf-84f6-4be3-976f-dcc0b71cbf85",fdcdf221-a562-4ecf-ba90-75b8f6088c60
"444aef4b-4a5d-4020-972b-81e35701c45e",fe185bd0-d56f-4ef7-be5d-5eced37ed529
"5ef065e2-6651-43ad-8cea-54f31c15ddf9",fe19ed85-688f-46bb-aa68-d8dc4d706c5c
