"id","from_id","plan_id","to_id"
"0077976b-f45b-461b-83ba-0cd20e662f19","45c2c049-2e9c-417d-bbaa-bf93d06cdee4",,"3a5f4037-a77c-4615-bd9b-ba34a5796a05"
"008bd6ed-5957-4ee9-a7ed-832abeeb21c4",d5800306-acb6-4ac2-b1f1-80c533884d74,,cd1c3c42-c54b-45a1-b850-a3a826ab9b06
"009b2a08-7f66-4b73-8284-a480f4efc89f","55d4a554-aceb-4b27-a4f9-bf45da434f80",,ec55be5c-b6f9-4464-8727-63fb810ef252
"00aa7db8-678d-4269-928e-bc2d09754bbd",cb38cb30-d9db-4dc6-ba20-99b94dee423f,,"5aebdb81-7d38-4bdb-80cd-83cda0594f20"
"018ae5d5-c4de-4486-92a3-4bfa923f0395",e32bd1db-f47a-4826-9688-48610ca55f0e,,"62da234a-2c82-49c9-87c8-abf30b0af195"
"01b6f272-1326-460a-870e-a7bc16cef57a",ba0007fb-0286-41fa-8f5c-9cd44d5500a0,,ab68ad23-3bb8-4b69-b7f3-e2e585d57be0
"01c984d5-80d1-438c-87c4-f28d868a8f83","2019fe27-4af8-4733-a188-c8e8b19a7297",,"04064674-3b22-415a-b9d0-ebe66e1d9299"
"024a5161-6e4a-4ef5-aa89-99acdc15bfb1","23287edb-9981-46bb-8788-d00dc91cf49a",,b158ed98-879b-474a-bc1d-5a27d85d6404
"0311e0a3-155f-4160-a552-b39e85ff737f",fad481ab-c640-43a1-bb1e-24cf93f8ce63,,"5aebdb81-7d38-4bdb-80cd-83cda0594f20"
"03476613-f523-4e4e-a1dd-e5abeb0d60b6","7480f16e-797d-4ff1-8f24-d70a026d8cdc",,"0a8cae45-167d-4523-86da-5b590f83f8bf"
"049aa45e-af7e-4ebc-9c17-e2c187e7a233",e32ae857-a584-4c1f-a177-79664cc8db32,,c6676a81-e352-469d-b84d-caf855fffb98
"055a0360-3568-47f3-b113-602cf02b6efe",a69bc3ac-e2b3-430c-8c22-4e04f5b16a8f,,"6ae8e6bd-a26d-42c0-812b-430686874960"
"076796d8-dfa4-4844-8c39-e6d0f8e7321e","7c3f292f-b6f1-40d8-a3a2-16c2e61acb73",,"140eb752-b7cd-4695-a125-6f793db285ee"
"07ec5181-212e-4319-8215-cc86aed4b5c0","22771899-9bad-4026-9907-26733e10a0de",,"2430edb6-8616-4467-93b2-3daaceb4cf16"
"080e148c-1449-4fe6-b516-58fc322d3010","2b7ce712-6243-4c41-a955-697323342403",,"4c26dcd0-f901-4029-b978-34e776b75700"
"08259f29-a5c9-4c7c-81de-1e75e5454420","87f0de52-1c39-467b-910d-f3a8a9e01d1a",,"916b04f3-93e6-45bc-b84e-fc6b81c8c6b1"
"08291df4-abf6-4626-a802-86cb1df3d708",ebd84737-cffc-4b71-b80d-42cc69a38900,,"86740200-374e-4e07-a1fb-6373ab4b7008"
"089ecf48403e6f5d","57ad1383300ab652","1c64da2c729818bf","2af22db2675d2f1b"
"08e067ee-734f-4081-8e58-51a2fca0f413","026815f2-f6f6-4de3-a534-6056db70bd20",,"0777f3cc-b884-45d4-b3bd-9aeac9de0199"
"08e2a725-79c8-48c5-bb76-f43a3bab3b3a","2d2026c3-5238-4b90-b95a-d0c2b23977bd",,"422ada4e-218f-4496-88e5-be92e903b7d9"
"08e6ff9b-d056-4d56-befd-041d477ee6d5",a1939f74-09ab-427d-b22c-c4ba0b495efd,,"7c15407a-7a54-4f08-bcbf-5bdce0e2c6e1"
"0a3aa8c3-5b78-4efd-82e8-a7c0b1fa802e","0f2f501c-d5be-45b2-bc66-49b26a6933f3",,"0a8cae45-167d-4523-86da-5b590f83f8bf"
"0aa3ba7a-39eb-4f68-bd70-1938f0fa9d4a","849ce1cf-1ddb-47f3-8098-e187edc63150",,"13b496c8-4cbe-4ec1-94f1-063a5ca092f3"
"0b468734-2028-4bd8-88a0-175137eb0326","6c612923-074b-4550-85c2-d55016aa793d",,db4a920e-1809-4ebd-8c76-17c4fdbf2edf
"0b7b15e9-ff2e-429e-a068-28656bf6f43d","07f552e3-1944-4afd-a4d3-ea4abcb3ce7b",,"534bdc5c-5e27-4aae-bf8a-34900de15268"
"0b8bde07-d821-41c6-a8ab-cd9393fee899","2ce4a2e7-8ecd-4fc7-be68-3b172eaf83e5",,db4a920e-1809-4ebd-8c76-17c4fdbf2edf
"0bb10ffd-d2ff-47dc-9d28-82ac42b9746d","8f10e127-ab4d-4143-bfd7-1f3b7f8b6b0a",,"2e8b0eac-b09d-44ae-a789-4ea35f78b194"
"0bbeb997-00bd-4088-81b1-41aefaf23749","65e2b4ad-0160-4d3e-948d-78cd1a7cfe3f",,"36efad8a-fd37-4bda-989e-c02342dd080a"
"0bedbeec-2b06-4f07-8fa8-d650042ad74d",c841c791-e933-4fb5-b74f-8c2741572723,,"1c1e871a-369f-4675-95be-53ec03417139"
"0c4ac72c-c027-457c-a98c-cd5cce13d021","28769e67-c0fe-42cb-8430-419bb95becd2",,fa67b14b-2214-47dd-b989-762aac2e62e4
"0d6b48a0-a726-4582-bd6c-e4b33f771185","813e7f61-3b08-4a52-8ed4-8ba94b1254bd",,"8f10e127-ab4d-4143-bfd7-1f3b7f8b6b0a"
"0df9b233-9391-4e6b-aad7-23c2bc503afc","66838adb-9bb0-404f-aca2-c3f0e08badf9",,"677c570e-6431-483c-a776-15af0807bcef"
"0e387c73-db6b-4c6f-a697-3e2748592f3b",b58e7688-8a83-4dc1-808a-a7b2456fcb03,,e052654d-74b4-4ebd-94da-271d61223213
"0e57be19-d6bc-43ad-a499-c90ece6eec9e","4b72444c-e361-4bd0-80ac-9eaa7a226853",,fa92978f-221f-48fb-9f7e-cc898df08bab
"0ea411cc-5a30-4d69-ba77-3007e586bea5","677c570e-6431-483c-a776-15af0807bcef",,"47b6f22d-ebf5-4fb9-befd-59304bcafd6d"
"0efa0f5f-2e4d-4eb3-a813-958bf61ce2da","15c705cc-b3f2-463a-baca-050b370e1cc7",,"203c8c56-e834-46a7-8dfd-c5a2f67ef87d"
"0f0f63b8-4ba4-435a-890c-b1f3e4f2c992",ec55be5c-b6f9-4464-8727-63fb810ef252,,"5408ce2b-b7db-461c-aaf9-a47db47e916b"
"0f335760-442a-4a46-a6da-8d4eaa3037bb",dc0fda6e-bee9-4de0-b7e1-068db77d1a76,,"88d5df8c-8386-4fac-b501-d3faa94095ef"
"0f38b73a-eba8-49c4-84c7-b5d24918fa1c",f5d9ea09-7391-427d-930e-8c1e44f2c071,,"203c8c56-e834-46a7-8dfd-c5a2f67ef87d"
"0f3fd27e-f168-4357-a27e-c402c805c05b",adbeb76d-7210-4293-80dd-4445b6f0dae6,,f0d5d027-648e-4058-9fa7-fb94265471f9
"0fa38773-81f9-481f-b4e7-ffd4c5522e06","9941651c-cbfc-431e-ad10-bcb05887bf02",,"7a30c899-8867-41ae-a9d9-f1ecafcd76dd"
"0ffe48cd-c858-4fe0-a509-6714304305f5","9818373e-0978-4b38-bb3b-2bc7ed57d6b4",,ec55be5c-b6f9-4464-8727-63fb810ef252
"116d670e-bb57-48b6-bc33-72ecdc424b2e","554a62b9-7ebf-44af-aa2e-38a893269a7a",,ebd84737-cffc-4b71-b80d-42cc69a38900
"1171d966-c3df-4d9e-bea1-f35b04515997","19bc3b67-81f2-4ee3-837a-e1a00c661b9b",,e052654d-74b4-4ebd-94da-271d61223213
"11f3cf01-37c7-4451-8b48-fdc9bc659246","059f397c-2b7c-4ae5-878a-784ecc8d9089",,cb92f0cc-23f6-4377-9d97-3655306fe7f8
"148d2741-477d-4cbb-a07a-f72c5da907ad",d5800306-acb6-4ac2-b1f1-80c533884d74,,"9a4a76ba-4311-49c4-afbb-f9d3355101a8"
"14b3beb7-52b0-4116-b8b1-d3aa1015af42","78e69407-f2e5-45a1-97db-627a4c616ca4",,"33edbfff-a87d-4388-8104-f6cd1897c316"
"14f43ae1-1f13-42e8-9693-32f96c67321a",e1cd9abb-5d95-4085-9fb4-3afcb3269dba,,"2488bdde-e97d-4003-a67e-72d4b9dc8ac9"
"1541b6f3-5900-4ae8-971e-86e7742cee35",dc1ae500-1cbc-4ae5-880b-b546484cf70b,,"8b1c9d69-39fa-4740-b5a0-b0ec04888bda"
"1548efa4-c167-4445-9209-92177057ec7f","39e07fea-746f-44a3-963d-0399a30d7ab5",,d9af99f7-c71e-4298-917b-bca4ffc53568
"1798d0f0-6d97-4cac-aba3-ef7a181dd65b","7e1bbd82-cb21-4018-b2c2-74356e661e1a",,e052654d-74b4-4ebd-94da-271d61223213
"18958c28-495c-460b-99c2-8e34e839b515",e316aef7-9699-43df-bbbd-3653a60b7d3d,,c8ceeb25dda3f872
"19753844-48c6-4327-b83c-012a03ebe01d",d788be13-7156-429c-883e-fdba16a483d2,,fa67b14b-2214-47dd-b989-762aac2e62e4
"19881c2c-8068-4d9f-b15e-5af815bc69c0","026815f2-f6f6-4de3-a534-6056db70bd20",,e32ae857-a584-4c1f-a177-79664cc8db32
"19c5a247-7c8a-4fd0-8a48-c46e5f063d45","33edbfff-a87d-4388-8104-f6cd1897c316",,"491f4ea2-c0a1-47bb-9b20-77cab5683e32"
"19c957dd-d9bf-4106-9921-4371d9b76f0a","33edbfff-a87d-4388-8104-f6cd1897c316",,"4aa8f141-4808-47ab-a289-def9957b94c8"
"1a7e42f4-8509-4404-84fb-6e2d79563848",cd9a12f1-8098-4379-a3e6-a3f18230851c,,"203c8c56-e834-46a7-8dfd-c5a2f67ef87d"
"1aa99222-639c-4952-97d7-7e4be4fb9d7b","169639e6-e34f-445d-942c-667fd5d5178f",,"1015debb-c62d-4f7b-bc4a-53c9649b74ee"
"1ab3f5e2-c8c7-49e4-b34a-a455a1b16b11","4cc5caa9-5394-4845-a7dc-3c3a6f465f0c",,"6ae8e6bd-a26d-42c0-812b-430686874960"
"1ac269f6-886b-44a8-9cc6-ca38d19a6162","0019eacd-3078-4bd1-bf41-33218f03e375",,ebd84737-cffc-4b71-b80d-42cc69a38900
"1b8f9d50-7a86-4433-83e8-2d930f5db089",d2501eaf-a742-48cd-8773-5d81fa10dd1b,,ab68ad23-3bb8-4b69-b7f3-e2e585d57be0
"1b92c36a-f637-4551-a557-37922edd2b77","370031d7-e351-4845-9539-7b48bb144cdf",,"009525b1-1b29-4f40-994e-8fc1bf797c6c"
"1bb4a5ab-3c1c-477b-9885-12fc029a9bdf",f29e669b-3ef2-4101-8415-a259009f17bd,,c6676a81-e352-469d-b84d-caf855fffb98
"1ca93289-5a36-4bd6-b135-51d6c9d27bfb","23287edb-9981-46bb-8788-d00dc91cf49a",,c6676a81-e352-469d-b84d-caf855fffb98
"1cc1a23b-a96e-47f6-a059-c90abff4462b","2a30ba9c-3674-4985-85cf-6e385899876a",,"0a8cae45-167d-4523-86da-5b590f83f8bf"
"1ccb6cf6-6eb7-4bcb-b54d-258a22e14734",e5f8501b-2025-419d-ba4f-7914e2e31462,,c8ceeb25dda3f872
"1df20f1f-a873-4a50-8ca1-29786b662283",b1104bc9-87fc-431c-9de5-32e69e3843dd,,de648595-9c9a-4f94-a6d3-be8b2f0e6d29
"1f18729b-a551-4d0a-8d5b-d3c4cd8e2167","3f60325e-ef72-4772-a42c-8f141a31d415",,"422ada4e-218f-4496-88e5-be92e903b7d9"
"1fa70c13-bf29-4bdb-917e-62be78186ea3",f28fd5f9-a7a3-4dd0-9ca9-835e81d47e16,,e052654d-74b4-4ebd-94da-271d61223213
"2036205b-dc2c-45f0-80d5-e156c5b4fc68",d049bfb6-8c5f-4b91-bafd-172bb4348476,,"1fb0e843-c3a3-4dad-8111-7602e2a7b6e3"
"20dfb1e3-10b1-4ef4-b233-bb6e07e1e589","82d2d386-365a-40a9-8def-2d1d02ddd307",,"140eb752-b7cd-4695-a125-6f793db285ee"
"20e6b14f-be4b-492c-83c5-89ceea3f935a",c48a2d3d-d620-462a-948e-22b829c8401e,,d1b8f7a2-ca8c-4d53-8bb7-23dd8259fa7a
"223915e3-f96e-4e64-b95d-0ef03ef55052","8b90fea1-5666-4f50-9c5d-445f391c4128",,"0b3f3665-8410-40d9-814b-5fe00333d87a"
"23945f273e676015",ca5af6f02830c299,"348cda201fcba5f2","799c2eb376fbefa9"
"23e9a4ea-e5d4-4855-b929-9876c8be5f5c","9b828b50-a8bb-44a3-8bc4-3f794a0afebf",,"705987b9-89ee-422d-93ca-5dc6f10b2f6e"
"2424b91d-43ad-4a0d-aac8-4a6c2784ef86","1c8876fd-76ba-47da-b1be-7d855bd6c354",,"4c26dcd0-f901-4029-b978-34e776b75700"
"2599fc6e-631c-459f-b76c-693d11ecad27","026815f2-f6f6-4de3-a534-6056db70bd20",,"7a30c899-8867-41ae-a9d9-f1ecafcd76dd"
"263683ce-59e2-455f-8cc8-2b88cd83ebc8","33edbfff-a87d-4388-8104-f6cd1897c316",,"02c6b0de-da70-4495-ab8e-951527cd94c4"
"27ca99bc-6c05-4c98-b7ba-c7c1a0c85f0b","4802068b-3a9e-4c42-8d71-7f8ec26d14f3",,c8ceeb25dda3f872
"28a101ba-fe9f-46eb-a38c-6cc95cf8880f","9bf016f0-39c9-41b0-a5ca-5a7c6f8b749b",,"140eb752-b7cd-4695-a125-6f793db285ee"
"2a0ea14b-768f-483f-ae18-a27de13fdd49","0b3f3665-8410-40d9-814b-5fe00333d87a",,c6676a81-e352-469d-b84d-caf855fffb98
"2a2280a3-031f-495a-8269-de88a2012bc6","6c612923-074b-4550-85c2-d55016aa793d",,cbde7764-e122-435b-afb2-c16c596308e8
"2aa5b921-977d-46e0-904b-232570556e5f",b1e1186d-b44f-4f72-a0ef-ccf175f0be5f,,dfcc2c6a-893e-411d-bbc6-5232b12f8522
"2ac26fe6-dd88-4d89-85b8-48647d019643","9bf016f0-39c9-41b0-a5ca-5a7c6f8b749b",,"234724b6-2e11-4195-aad7-d1988d2608ec"
"2b40fbb0-5d99-4d7a-a504-2007947ad2b4",a8f563d4-ae25-46a1-b8cb-78c20fefbd48,,"69aae960-22ae-4f43-ad46-150c1ca3ebba"
"2b6702d6-22eb-4572-b7b7-9a92969343fa",e1cd9abb-5d95-4085-9fb4-3afcb3269dba,,"20bdddc1-6aa7-42d0-989a-829fc78e8677"
"2baef886-00f5-467b-8db3-f69a479afb14",a96a354e-5e82-4b09-a597-bd488cc15f64,,"0b3f3665-8410-40d9-814b-5fe00333d87a"
"2c41b64a-d435-44c8-90b0-6a88927ef615",fdcdf221-a562-4ecf-ba90-75b8f6088c60,,e7f4c230-204d-4180-b1de-ec2d74b14b31
"2db35303-e833-48db-934a-e38861990907","19bc3b67-81f2-4ee3-837a-e1a00c661b9b",,"44bcf427-65c1-45f7-8f64-458198a9c0e5"
"2e7320bf-1c04-4b89-8c95-8c1f75a614c5","4bf99601-81c2-40e8-8ae4-92bba47f36a6",,"953a2841-299b-44c7-86f1-06c27d34c8ff"
"2e842459-60fb-4821-b009-b4717f126927","705987b9-89ee-422d-93ca-5dc6f10b2f6e",,"1b3e314b-b21b-43e5-8ed5-309243d7ff84"
"30af7d69-2631-4bb0-80fa-0a5871771bff","75b053e9-135b-40ee-aad7-1aeb8de5c871",,e8b35766-4614-4183-9f4e-5ab946571f27
"311aa07a-6bd3-4aa7-941e-f606076e3187","8e7f4147-30d5-47c0-af68-f2d2133a9fb2",,"86740200-374e-4e07-a1fb-6373ab4b7008"
"315df9f9-a0f1-40be-8773-f4eb23a8ccc1","27ac9ecb-f168-4d4d-ac6b-bbf215ad5497",,"422ada4e-218f-4496-88e5-be92e903b7d9"
"3177dac0-06c9-46de-a372-33cab394cfb6","69e1ac1a-cfb9-4a72-8eb7-362297ce5e3e",,"597a60f2-df1a-4a0a-a154-9393b0d80764"
"3192534c-4b52-468c-b7f5-ae655930b359","85cfa5ed-9856-46e3-9143-3d26206480bc",,cf384768-592c-46d5-8316-4f5ff3ba6ef2
"3193562b-f1cc-4908-9c77-147ee227b1e0","8f75b6e4-e07e-4e04-8c6c-f847f9a069cf",,"12ff52a3-2332-446c-b89d-6d7e5c1eed11"
"31ae7d49-6a13-4450-992d-53ca893b5321","026815f2-f6f6-4de3-a534-6056db70bd20",,d1b8f7a2-ca8c-4d53-8bb7-23dd8259fa7a
"324dca20-a90f-43b8-85e2-57e71976b9d9","6bfe4952-c3a4-444c-987d-c2debb7ee987",,"677c570e-6431-483c-a776-15af0807bcef"
"32af70bc-ee91-4f98-8348-1abe78b4a649",bf23ed05-31bb-4052-94b6-f0a816512525,,e052654d-74b4-4ebd-94da-271d61223213
"32d9c805-4806-4b6e-acab-5e397629dd86",de3b5f6d-d147-452f-8fe8-b1d7a8289847,,"50622812-e23d-4f0c-87bb-6ffb4c13d77f"
"332f9bb3-e745-4225-b96f-b27abe89edb2",b25913fc-cb06-4abf-8e55-fdc83f743ced,,e32ae857-a584-4c1f-a177-79664cc8db32
"33447a54-52d5-46e7-ae2e-4af7a5ccb56a",c336c3a9-7844-44d3-8c9e-ab880241443e,,"12fa8d37-a939-4d29-9b80-818df722ef43"
"34ae2fe9-e9d5-45ba-9ded-59fb34f0fea2","416130d7-9018-4946-880a-6a4fd2924012",,"2b7ce712-6243-4c41-a955-697323342403"
"34b435d6-4c83-44ec-8093-6279f44f26d1",a3d185b9-e7c6-488f-a4cb-90cb2e5b077b,,c8ceeb25dda3f872
"35ba3b27-e317-4c42-973c-909508af1ec1","45c2c049-2e9c-417d-bbaa-bf93d06cdee4",,"1a302ccc-c227-405d-91b6-0b81fe6aac88"
"35deaa93-398e-463a-a6e1-50ad1dcbd53f","012c63cd-d608-43eb-8052-96b017670298",,c8ceeb25dda3f872
"361017fe-61ea-405c-88e0-af285fa63d1e","1bf025f7-9c1c-4356-967e-3d2286de652b",,"22efefb7-1d81-4340-ae20-6f1eb7bb22e7"
"362aa3f5-5071-4214-8c14-3963b91a0b17","68b22890-1ca7-45c7-86ac-1d039ce89019",,"51d929ee-f271-4c21-8518-b216edf06f08"
"3752da32-a34f-4184-ba59-6cb560baf56c","7cf5daca-27d6-47d9-a28d-f760cebc273d",,c8ceeb25dda3f872
"37fac44e-8493-4c57-bc54-42edbbce1615",fa970fa4-db64-4d2f-90fe-d68c1c48abb7,,c8ceeb25dda3f872
"382811f2-f3d4-4c32-9639-e7692f2fdebf","45843a37-8a46-41b7-830d-ae0ff08a72f7",,"5aebdb81-7d38-4bdb-80cd-83cda0594f20"
"3839c015-506c-4aa3-888b-201073491b38","9bf016f0-39c9-41b0-a5ca-5a7c6f8b749b",,cfd51c8e-ee1e-476c-b8f8-005b4c5a8741
"384fed11-e957-4c52-aa35-5661ed5d1fc8","6ae8e6bd-a26d-42c0-812b-430686874960",,"1b1f1524-8d92-484b-8c68-84fb7932e111"
"38b54ff5-33ae-460b-ab09-9bf2eedfd03b","6a638e6f-0c33-41ff-907e-df8b6db8e22f",,"769929ad-bbe2-4e63-8414-6e71203f1b7c"
"38f3b8b6-6a1f-415a-9590-2ecbbb6cf538","0269b347-d3e4-4a41-9d97-606332ca6c5d",,"26c8e714-f167-48af-ad74-2d241f45c08c"
"39ee1e7c-979b-437e-be22-e43fcdaa45e0","03c832e9-038a-45b4-b546-075a9adcf3e4",,db0e0699-b395-4d79-924d-c5bfbcc09dd1
"3a351430-0577-4c73-8d78-3d46cfdf95ed","74adb13d-e3c2-41dd-bfb7-ab08dfdb75df",,e052654d-74b4-4ebd-94da-271d61223213
"3a96b015-5ee9-41e2-9c2b-7e9ab908fb41","1410c10d-dc94-4e7e-b160-3ee87634f69f",,"9f8e9797-a002-4a2b-a8f6-ca0d85dffc5e"
"3ac0eddd-194c-42af-8272-87dc3614ecd6","5a03f759-2a0f-4cef-b2e1-e02fafa0c4bd",,e052654d-74b4-4ebd-94da-271d61223213
"3b27c65a-8ce4-44b3-baa5-0b7b669f2dbd","7cf5daca-27d6-47d9-a28d-f760cebc273d",,"140eb752-b7cd-4695-a125-6f793db285ee"
"3b865144-590a-46c6-acc9-dd4a8d472383","30492ab7-cccd-497e-aa66-fb7d2d769144",,"1c8876fd-76ba-47da-b1be-7d855bd6c354"
"3c2b15dd-51a8-4fb2-9c5e-1dfc6ac0fe13",d9af99f7-c71e-4298-917b-bca4ffc53568,,ee7808e3-77ee-4985-b804-8ba00adcacf2
"3c4ae864-cd89-4bd4-95df-8fb1bfa81685","67c644b0-b9be-4950-96fa-44c2aeae5eec",,"22771899-9bad-4026-9907-26733e10a0de"
"3ccefb20-78dd-4557-a933-e48e6ad75c5d",cbde7764-e122-435b-afb2-c16c596308e8,,e052654d-74b4-4ebd-94da-271d61223213
"3d851d79-bee4-4f26-bd1e-f9957b276e2a",e3598d42-5078-438a-9bbd-09047f456476,,e052654d-74b4-4ebd-94da-271d61223213
"3da52e5e-38d5-42bb-b07b-370e0da9643f","15c705cc-b3f2-463a-baca-050b370e1cc7",,db4a920e-1809-4ebd-8c76-17c4fdbf2edf
"3ec13ac1-a642-4fa2-9557-9d09c6dfc39b","5aff801f-969d-4131-bf83-c7a2ffb03af5",,"143abb09-1757-4cca-a8d1-50ca1d31bcc0"
"3f122e76-b679-4c5b-9e1c-6d2a3c51cd8f","86740200-374e-4e07-a1fb-6373ab4b7008",,cd29e37a-2586-4061-a666-4de54d8374f5
"3fddc373-4f21-4a68-bcba-1c1a41f2f45f","14c68aee-ee7b-435e-814e-b9a78852526b",,d27eef68-d9a9-4281-a33d-a5a3c7fc79de
"407ac3e2-95b8-4dcd-acbb-2f7b9861e97c",b43f35e3-5a82-432e-ab3f-e44ee32ddd32,,a256cd31-f698-45eb-879d-1edef5464e17
"40fa8623-9bdb-4edb-a98b-d940d0fcfb70",b49ca9a7-8ac7-4707-a4dc-353bb67e8177,,e052654d-74b4-4ebd-94da-271d61223213
"41c13f2f-7ecd-478e-a4ac-774aca985b81",ab10f854-e493-4b0e-a5ef-b71580d92be5,,"916b04f3-93e6-45bc-b84e-fc6b81c8c6b1"
"4225de01-d448-4646-a550-4ab67e0ef17e","72c974e8-5d1d-4fda-9fc7-f19083d2562b",,e052654d-74b4-4ebd-94da-271d61223213
"42604d17-1bbc-4baa-a858-2ac278837eaa",ebd84737-cffc-4b71-b80d-42cc69a38900,,e3598d42-5078-438a-9bbd-09047f456476
"427813a5-4f7a-4921-8d7c-926e11d7b237","6ae8e6bd-a26d-42c0-812b-430686874960",,"1d317d3d-5174-496a-952a-b15cfa96c2d8"
"4321b6d6-bc59-4780-a346-ac5db1ce1d12","0a8cae45-167d-4523-86da-5b590f83f8bf",,"243dcbffd7f2547b"
"43365016-56ae-4515-97c4-7b48ebef9f0f","36ed4e42-e44b-4d77-918e-bc4021a68e14",,"13b496c8-4cbe-4ec1-94f1-063a5ca092f3"
"434f5cd3-e400-494d-8ca4-d48ca01fb131","61af3619-64e6-4739-ac6d-bbbc84a1c181",,"0d013245-8bff-4ee7-9079-7b33000951d7"
"439eff56-45d9-4253-a636-36c7fd8620ab","95d8d545-43c8-42db-85c6-3f45c8f59d10",,e1cd9abb-5d95-4085-9fb4-3afcb3269dba
"43c57d75-dcbe-4c46-81c0-684aaecddc64","98a97aba-c662-4af8-a862-0a8871239b45",,"084c7c2f-e4cc-4c62-bdd2-7ef3e3ea158f"
"444dd567-f95f-44dc-af2a-0dbdb894c475",adbeb76d-7210-4293-80dd-4445b6f0dae6,,c8ceeb25dda3f872
"448a9b9d727529f2","6b5416496d728eac","28e356f3cdc350a8","2f78e12f8efc05e8"
"44e8541d-1eb2-4bf7-982e-1acde00808e8","9bf016f0-39c9-41b0-a5ca-5a7c6f8b749b",,f0d5d027-648e-4058-9fa7-fb94265471f9
"453917df-c172-48cd-be40-78c3a87f720f","813e7f61-3b08-4a52-8ed4-8ba94b1254bd",,"45c2c049-2e9c-417d-bbaa-bf93d06cdee4"
"4552f942-fc1c-4289-ab7f-cbf5f683014d","8129165e-8146-4568-a35e-28f747286637",,ebd84737-cffc-4b71-b80d-42cc69a38900
"474d6b56-41f3-4cec-9731-9ffc05757034","33587df0-c7ce-49a9-b0b2-4c65c9bfff02",,d1c9b970-9691-4791-8f0e-078417001e81
"48a49e43-432c-43d7-b9e2-3cb65462de52",d5800306-acb6-4ac2-b1f1-80c533884d74,,c8e8395e-16e8-4d75-9659-5264bcc311d8
"4a026c86-72fd-4fdf-b784-1955c3a5274a",b80ae8f2-c50d-4102-841e-fb326d535ab1,,"677c570e-6431-483c-a776-15af0807bcef"
"4a5bb38d-af00-42b5-b5b3-0493cbd0d063","14e8237b-de1d-4c66-9208-d0d5b0b43123",,"392f3751-bf95-4c1b-8d81-5b60eb2dd09a"
"4a8b1ec9-1970-4f2e-af90-812de9dff499","6d1d0167-a6d0-48c3-928b-c09bc240e11c",,"4f557ddf-f7ec-4799-8587-f8f3512f5d4e"
"4aed336d-5620-48e8-b3ac-37f4da4f36f3",a50e0fa2-f6d2-4c2b-a5ac-88e694e258db,,f0d5d027-648e-4058-9fa7-fb94265471f9
"4b5bf29de1331bda","2f78e12f8efc05e8","28e356f3cdc350a8",eb0316cfe09dd6c4
"4b9da58c-1438-4921-9edf-6e9986ca939b","9a245f8e-1dff-4e64-a5ad-0ce693422be5",,df8d6703-a8cd-4222-9068-6103281254c0
"4c2fc3d4-a467-466d-bacd-9a9aa19a391d",dd95a381-4ae7-4270-abfb-f8b771ef9fb2,,"5978a2f7-7dfd-441c-a385-460dcbe78360"
"4c35e7f0-d362-4535-8fbb-c24d420c456a","99b0a57f-242c-4618-ad88-975d4ebed9bd",,"916b04f3-93e6-45bc-b84e-fc6b81c8c6b1"
"4cb73be4-4e3a-4f57-b833-636ab5a87a0e","78e69407-f2e5-45a1-97db-627a4c616ca4",,"140eb752-b7cd-4695-a125-6f793db285ee"
"4cc8b263-8095-44cc-b6cb-f51ebb887d5c","9d01a6fe-dac4-4103-8920-8a712cc7ae91",,"023a18b3-700d-41ff-8140-daea6e919371"
"4cfa0299-d193-42f5-a4b9-6a271f61aadc",c5b93321-dae5-4adf-89db-a4d2d29df48f,,"77ff43f6-62a1-4d2e-9ece-c4ee611a8d72"
"4d9289ec-7fc3-4fc2-ab6e-032fef8e5dd2","60a0dc85-4446-441a-bc20-0c3988ec539c",,"677c570e-6431-483c-a776-15af0807bcef"
"4dcb19ab-bc49-4003-a7ff-de978508007e","45c2c049-2e9c-417d-bbaa-bf93d06cdee4",,"8535c26a-eb05-4fbf-86d3-a2ce3470c81d"
"4efc0899-8e6b-450a-b4f8-d0d14257b756","1b1f1524-8d92-484b-8c68-84fb7932e111",,"92448117-ff59-422c-9cb6-8f2dbed31c66"
"4fce78d5-8ae7-4e80-a4df-bcf47ce7e64d",f6691eae-2b33-4748-affa-826b950575c3,,d1c9b970-9691-4791-8f0e-078417001e81
"4fec02e2-0e97-4687-8167-c58e6a0df3fd",e7d66e67-82bf-4aee-b56f-815358e862ba,,"0b3f3665-8410-40d9-814b-5fe00333d87a"
"506a17a9-527f-4ab8-9c55-5dd007601c34","4cc5caa9-5394-4845-a7dc-3c3a6f465f0c",,e7f4c230-204d-4180-b1de-ec2d74b14b31
"509d8921-3ff9-4e19-b535-1206732bf169",ced11b6c-6324-47f2-be0e-09b253818cc1,,"251b2325-23f7-4906-bc22-97e3e891d82d"
"5101992a-d0f2-4445-8118-c6af3d88f83b","45c2c049-2e9c-417d-bbaa-bf93d06cdee4",,"88d5df8c-8386-4fac-b501-d3faa94095ef"
"528ad844-c089-49a2-96c3-22dea014a842","15405de2-f116-476a-8ee4-3ee9a3109642",,d1b8f7a2-ca8c-4d53-8bb7-23dd8259fa7a
"529f6dde-e120-4ea9-aae2-33be26e73010","23287edb-9981-46bb-8788-d00dc91cf49a",,"36ed4e42-e44b-4d77-918e-bc4021a68e14"
"52eb2ec8-077c-43eb-8328-621db361f419","8b8b4d75-c614-4ab6-99f0-11c30a7066d6",,e052654d-74b4-4ebd-94da-271d61223213
"5370c585-fd6a-46d0-827c-dcbf58fe9c4a","02ce05b2-e1a8-468b-b7c2-08ac929ca19b",,f03c84d3-a7bc-48f4-9f0b-7ddd19ea234a
"53863d20-46b9-4d5e-bb73-c63141b29122","702fe59b-3aa1-4229-b79d-e340f77a5008",,"86e07991-d170-4caf-baa1-236327b34858"
"539ac626-0a71-4a86-9c6b-8ae1a7b128a1",a50e0fa2-f6d2-4c2b-a5ac-88e694e258db,,d2df02d1-3d03-4fb4-a8bf-5ba607875a00
"53dbb259-18e0-4d3d-b1f3-7d1c968bd2fa","026815f2-f6f6-4de3-a534-6056db70bd20",,e3598d42-5078-438a-9bbd-09047f456476
"548b2908-6cd1-4baf-9967-2287bf9d2db8","57ec7f8b-b13f-4bb2-aae4-7a8c66867f58",,"39e07fea-746f-44a3-963d-0399a30d7ab5"
"54df4da4-de52-4203-84d6-d40a652110f9","7c3f292f-b6f1-40d8-a3a2-16c2e61acb73",,ed3cf797-c234-4bc8-9c1d-b0a991ce0c56
"55774ae4-28a7-4fb5-906c-d6a2114e6464","248c1937-9def-4428-9fbd-a6fbcf0f8a74",,c6676a81-e352-469d-b84d-caf855fffb98
"565a34d8-5eb3-42fb-996a-5d35c17e7367",e12f9667-fdf7-4e5e-8276-9f8e9c8aea37,,dc1ae500-1cbc-4ae5-880b-b546484cf70b
"565f0fa1-24fe-4c0a-8184-cd3a1d6bc17a",c5b93321-dae5-4adf-89db-a4d2d29df48f,,"392f3751-bf95-4c1b-8d81-5b60eb2dd09a"
"58148f20-626f-400f-80f0-1e7a80ca1e61",cb71340f-347e-4e51-984d-8748732b9a0e,,"730630b3-d1e8-4110-937c-f33137f230c9"
"58665528-382a-401b-9190-8687aafe56c6","9bf016f0-39c9-41b0-a5ca-5a7c6f8b749b",,c8ceeb25dda3f872
"586c6c2f-1507-49b3-89a5-4c7127e86879","277a70bd-cecd-463c-a433-53e9ada7471a",,"6ae8e6bd-a26d-42c0-812b-430686874960"
"595b3992-7c54-4919-bb34-2c9e3fa8e92e",f0d5d027-648e-4058-9fa7-fb94265471f9,,ad2f1aaf-bece-4f34-ba16-609cee6b9a7a
"599167e8-637d-426b-aea7-897c7e7cee80","85b9f490-4863-4930-a7ed-557876d9592b",,"88d5df8c-8386-4fac-b501-d3faa94095ef"
"5993c49a-1d70-458f-9f3c-e3a5a271f6a3","311db05c-73c6-4daa-9f45-987fc3170f50",,dbc7d733-c925-44f8-8e85-c8d8b09cc009
"5a46d55e-7298-4717-8665-e336308ddc79","9b828b50-a8bb-44a3-8bc4-3f794a0afebf",,"057f82b8-ca92-489c-9ae5-7239a56e6716"
"5b9123a4-b393-43e9-8e43-3f75f7874c54","23287edb-9981-46bb-8788-d00dc91cf49a",,"019182fc-e190-46e6-9150-fd2c37b9ba7f"
"5bc1c06e-2401-485d-85be-a16a92ac073e",b819c381-fbe8-438a-bfb6-5575ce356a21,,"86740200-374e-4e07-a1fb-6373ab4b7008"
"5bd04ba2-5920-4c69-90c3-fdf1454eb4a7","9a245f8e-1dff-4e64-a5ad-0ce693422be5",,dff74818-78ae-4cdc-aec7-69644a421038
"5c560903-dde1-4274-9450-6db72c816acf",db0e0699-b395-4d79-924d-c5bfbcc09dd1,,e052654d-74b4-4ebd-94da-271d61223213
"5c8e6b0d-edfd-4531-8812-89a117c0eff9",b7a42120-3034-4170-b477-a10a5bcb6fb7,,"916b04f3-93e6-45bc-b84e-fc6b81c8c6b1"
"5c93c60f-38e9-4ce1-aa04-46076f8f0216",de3b5f6d-d147-452f-8fe8-b1d7a8289847,,"1a302ccc-c227-405d-91b6-0b81fe6aac88"
"5cfe0fae-93a4-4864-ad00-195fc0f79b02","5382ca9b-bad6-49ee-923e-3846c3e3273e",,d5800306-acb6-4ac2-b1f1-80c533884d74
"5d83c30f-b3a6-44aa-ac24-fcf66d5cd76d","037fc8f2-5fc0-4a98-938d-7df250c2eeff",,"8e647dbd-d793-47ed-b997-7fcaaf182cac"
"5dac0c8e-5448-434e-a095-4cf2a6761df8",dfcc2c6a-893e-411d-bbc6-5232b12f8522,,cd890296-59c9-4208-8458-7c3150c65506
"5de6ae8b-b26a-4230-b500-c3e548e91ffc",eafb23b1-8b09-49bd-96ee-a815793f456d,,"8b1c9d69-39fa-4740-b5a0-b0ec04888bda"
"5df35ecb-c367-40a6-a0af-fabb97a71307",dd4fefe1-ea58-47e6-957c-01df54e6f2f2,,e052654d-74b4-4ebd-94da-271d61223213
"5e7875f1-46ad-4b8e-b9fa-f602f1032b12",c48a2d3d-d620-462a-948e-22b829c8401e,,f28fd5f9-a7a3-4dd0-9ca9-835e81d47e16
"5ebf9a8a-594d-4dd3-a271-46db8291a0b3","57481022-f7d6-493a-95d1-83bbc0b9a8af",,"3a5f4037-a77c-4615-bd9b-ba34a5796a05"
"5f6006cd-8d75-4790-a45e-3ae1ae0f65fc","5382ca9b-bad6-49ee-923e-3846c3e3273e",,d2df02d1-3d03-4fb4-a8bf-5ba607875a00
"61072aaf-c7fd-4585-9239-cd8f4572075f",b7a42120-3034-4170-b477-a10a5bcb6fb7,,"677c570e-6431-483c-a776-15af0807bcef"
"6213bc50-7d27-4d12-9fa9-19f74b6dbead",a50e0fa2-f6d2-4c2b-a5ac-88e694e258db,,e7f4c230-204d-4180-b1de-ec2d74b14b31
"62a70d26-a0ce-4dbb-8237-72a43e787325",fa67b14b-2214-47dd-b989-762aac2e62e4,,bd0fad29-12f1-456b-83ec-5a5f6cb0b11e
"634678a9-a644-4236-97da-76ef2315610f","6ae8e6bd-a26d-42c0-812b-430686874960",,b5694028-5c35-4217-af01-441ff4f3da23
"63747656-5589-442f-99f2-6e01330925cf",cc7367b4-8b16-44c2-89b6-3a861f1799b7,,"86740200-374e-4e07-a1fb-6373ab4b7008"
"64028a3f-7e00-4725-a630-43f579d68b24",ad442e0e-6fd4-406b-afde-e97fbf25f250,,"251b2325-23f7-4906-bc22-97e3e891d82d"
"6444e1ed-4f38-4abb-a7eb-8d03571213b9","4cc5caa9-5394-4845-a7dc-3c3a6f465f0c",,cd29e37a-2586-4061-a666-4de54d8374f5
"64edfc1b-47a7-4404-b270-e248e4848777","705987b9-89ee-422d-93ca-5dc6f10b2f6e",,"98a2a070-65ba-44d8-aba9-5a5d7b819318"
"650b5f20-0bfe-48e8-8667-8a83699ca6e9","8b1c9d69-39fa-4740-b5a0-b0ec04888bda",,fc9dc1a3-6081-45d7-ab95-d3b7561268ee
"658c1377-e0fa-4b0d-8c3b-6fd3b9c66d81","33edbfff-a87d-4388-8104-f6cd1897c316",,"234724b6-2e11-4195-aad7-d1988d2608ec"
"65c1961d-d147-4050-b9ec-095ece8f52f0","588eb4bc-c18f-44ae-909f-e918b4555d29",,b9c5b715-03ef-43d2-8b14-392fa4756f4b
"672e7705-e40e-4f2d-8ba5-c6e71f0abfef","597a60f2-df1a-4a0a-a154-9393b0d80764",,"0d013245-8bff-4ee7-9079-7b33000951d7"
"673097a7-5e7b-462b-bcef-8e04ee5144f4","3408c47c-89fd-4741-b12c-64f4b4922ab8",,"1a302ccc-c227-405d-91b6-0b81fe6aac88"
"67954e0e-1646-4c04-9441-0313b1bc5dde",c1332554-ee0a-4034-becf-12adb7769b40,,dc0fda6e-bee9-4de0-b7e1-068db77d1a76
"67c325e0-5afa-4d4c-bba7-1426ca3a7521","4f557ddf-f7ec-4799-8587-f8f3512f5d4e",,eb196326-a9d5-4f47-9f04-8bf5e7629cdf
"67c57597-7de2-490a-83ed-3d6d16166559","8df80cfb-cc9b-43e0-80a9-4fb7f50bdd73",,"86740200-374e-4e07-a1fb-6373ab4b7008"
"697aa1c4-65ce-4a21-91a0-dc4d09e63fdd",ed3cf797-c234-4bc8-9c1d-b0a991ce0c56,,"3eea148c-99c9-417d-9872-0d14c264405e"
"69a0dfd7-c773-4278-987b-6734940cfdc5","28026097-bc17-4eda-8c4d-dd3f189c1da1",,"0a8cae45-167d-4523-86da-5b590f83f8bf"
"69eab9cc-de1d-4ea3-937f-b71e36bc045c",ae7d7e89-ca8a-4586-8ff6-47de433d7b93,,"264bb5d3-36e4-4433-a85c-8be29527ca47"
"6a683a12-049a-4e56-a351-ea6ba9508403","81dbdb4b-f38c-47a1-9741-e86d9a639abc",,"72c974e8-5d1d-4fda-9fc7-f19083d2562b"
"6a6e16d3-a83b-4304-8594-de5c188f53fc","5d8f0863-16ae-4a4a-9e6f-348adac8cf0b",,"86740200-374e-4e07-a1fb-6373ab4b7008"
"6a7488ec-ef4b-4d3d-92ea-ba2da7c4b034","597a60f2-df1a-4a0a-a154-9393b0d80764",,"01ebdb1b-b218-4bd5-9086-81bf5424ba88"
"6bc1de77-d14b-42e0-a994-727e7d9239da","1aad75b9-5a6f-4530-8792-b341821906c0",,ac998728-eb00-403c-97b5-24796dbd1d13
"6c8a19bd-7f96-4aae-9c4a-5850a891a60b",df8d6703-a8cd-4222-9068-6103281254c0,,e052654d-74b4-4ebd-94da-271d61223213
"6c961991-884b-440d-b3cb-136ad117e1bb","019182fc-e190-46e6-9150-fd2c37b9ba7f",,b6433285-a5f9-477b-a1ba-2cdd64f87052
"6cc9066c-36e4-4ff7-9b24-91264c77f4b9",b10435ca-c136-45e3-b5cb-545f12263852,,e32ae857-a584-4c1f-a177-79664cc8db32
"6ccc816b-eb4c-44ca-b232-19f409b77dd1","23287edb-9981-46bb-8788-d00dc91cf49a",,"4c26dcd0-f901-4029-b978-34e776b75700"
"6cdce448-bcd9-4308-bc67-fb2717f76cce","9a4a76ba-4311-49c4-afbb-f9d3355101a8",,"19ba7ab1-18d2-4259-846d-50162b87da22"
"6ce5133c-8bda-4843-8201-bce5a1c89008",b3aa9f49-f1cc-44af-b373-fdc6b4f4040f,,"251b2325-23f7-4906-bc22-97e3e891d82d"
"6d22f62a-97da-4508-9e26-df352bb771d3","57481022-f7d6-493a-95d1-83bbc0b9a8af",,"491f4ea2-c0a1-47bb-9b20-77cab5683e32"
"6d756dc4-5f20-414e-b218-78ce64fa8183","1c1e871a-369f-4675-95be-53ec03417139",,"644962bd-56dc-43e7-9651-837f69f56672"
"6d7f2c49-5d9a-44d4-92c6-97dd4e585907",d2501eaf-a742-48cd-8773-5d81fa10dd1b,,dca32d68-1f66-4c8a-b911-9b93518c981e
"6d82190b-067b-4b89-9479-fa58d14f2646","7363abb0-d174-47c0-b469-fb318b482d2b",,"0a8cae45-167d-4523-86da-5b590f83f8bf"
"6eb98be9-de29-44cd-9cdf-0ebaa26f228d","8e647dbd-d793-47ed-b997-7fcaaf182cac",,a4862ebf-df5b-422e-84db-cb3716767631
"6fc4819e-e79c-49f5-a205-40125ab9a4d3","1d621648-aa76-4be7-b659-869363b4de2f",,"7158144f-f539-4b5b-9053-deb1e14bed30"
"6fc74584-dc41-4d6b-8c04-518576ce240d","934e66c1-3fe3-47c1-917e-07024edaba7a",,"4b72444c-e361-4bd0-80ac-9eaa7a226853"
"6fc9e3b1-df40-43d0-bc3f-fb4f4048747d","588eb4bc-c18f-44ae-909f-e918b4555d29",,f2aab7f7-5235-4bd4-9631-05497fee5da0
"708c907d-4d2f-4190-b22e-f60283617264","8b1c9d69-39fa-4740-b5a0-b0ec04888bda",,"1e612f2c-939f-477f-8c1d-8492185a60d3"
"7190eccb-3597-444a-9a61-d6b633371ef4","181fc29ed1a54bac",,"9f201bec-b158-43f1-a836-fd466929044d"
"719330ec-a7eb-4d4c-b860-5299797543e1",bfeafb17-e673-4b21-8a9a-93a2928dd72a,,cbde7764-e122-435b-afb2-c16c596308e8
"73a3d463-0b61-4f00-b102-a9ab565c1066",cfd51c8e-ee1e-476c-b8f8-005b4c5a8741,,d84b37d3-449f-4bec-9df3-260fc19d6f97
"73e869c9-8cd7-4766-8f68-d225b149030e",c09fd638-ab85-4e0f-905f-547f24995ed7,,ac998728-eb00-403c-97b5-24796dbd1d13
"74bb65d0-deb0-4016-aebc-7ed8ce8634cd","4e666eb2-37e0-4451-a19f-216a2b96d6e3",,"0777f3cc-b884-45d4-b3bd-9aeac9de0199"
"74ca2875-1ebe-4a91-b17e-11a91e1c7c54","708aae23-7f7a-49e1-ac74-798a9b3aa437",,"422ada4e-218f-4496-88e5-be92e903b7d9"
"77d7fe60-a0aa-436d-9332-1d928f2b742f","51d929ee-f271-4c21-8518-b216edf06f08",,b47bb99a-b640-4e36-bd15-07033fb4f0fb
"7863c0a8-93ab-45ca-93e3-13c5bccfbf62","6483866b-88dd-45e1-b36e-ed6e03b3b4de",,"7c8dfa00-e1cd-4466-a7f0-6582d1b3a31c"
"794bbad5-bcfd-48fe-85ad-5b7c2deaa457",dca32d68-1f66-4c8a-b911-9b93518c981e,,"86740200-374e-4e07-a1fb-6373ab4b7008"
"796c5a9d-daf9-4a71-bdf7-9c1c481367ce",f29e669b-3ef2-4101-8415-a259009f17bd,,"023a18b3-700d-41ff-8140-daea6e919371"
"797b418f-d62f-4151-b003-faa50cb047c9","02b4631d-e3eb-4312-92aa-3ed6f23ddf64",,"8abd398a-1c38-46df-86ed-f4fed1dbb431"
"7a776836-0aee-4b31-9505-3d60711719fa","23287edb-9981-46bb-8788-d00dc91cf49a",,"534bdc5c-5e27-4aae-bf8a-34900de15268"
"7ab43ea2-4342-4719-90d3-b37366bbf7e8",d788be13-7156-429c-883e-fdba16a483d2,,e12f9667-fdf7-4e5e-8276-9f8e9c8aea37
"7b46a7bc-f5a1-440b-ad30-a98361587529","02774386-9c46-4e45-9719-3513d1dc9f28",,c6249419-9558-4909-88a7-5909e75cf663
"7b77ce2c-d467-4359-b95f-72a96e2c5e2c","311db05c-73c6-4daa-9f45-987fc3170f50",,ab68ad23-3bb8-4b69-b7f3-e2e585d57be0
"7c1228fd-1e72-4133-a1db-83d74aaf2048",db4a920e-1809-4ebd-8c76-17c4fdbf2edf,,b49ca9a7-8ac7-4707-a4dc-353bb67e8177
"7c4b1e81-ed34-4893-be0b-721f2c1e7b34","4e692a33-0d81-4c42-8732-86004cfdcc49",,"0a8cae45-167d-4523-86da-5b590f83f8bf"
"7c6d3331-c8db-4646-a36d-94cbe7276cc6","5e4a213a-8d3e-43b2-bac8-fc65515a5115",,"12ff52a3-2332-446c-b89d-6d7e5c1eed11"
"7d4e7bf8-4371-450b-abdc-bb02d25a0915","2e8b0eac-b09d-44ae-a789-4ea35f78b194",,"8b1c9d69-39fa-4740-b5a0-b0ec04888bda"
"7d677eae-f7fc-4476-9867-5ab69df6e17f","23287edb-9981-46bb-8788-d00dc91cf49a",,"1a302ccc-c227-405d-91b6-0b81fe6aac88"
"7db3125c-6197-49b3-9df8-0480e5edc66d","47b6f22d-ebf5-4fb9-befd-59304bcafd6d",,"7ff357c5-7489-47fe-9fd0-88f59c390812"
"7dc79cc4-7010-4a7c-afef-2ba51e5a9600",ef77de1a-88e0-4780-afab-a68edb8b9b32,,eebed1af-1069-4de5-acea-fecee556d35c
"7dca6bf6-91dd-4b5e-b9ca-c14330f49ec4",c1332554-ee0a-4034-becf-12adb7769b40,,e12f9667-fdf7-4e5e-8276-9f8e9c8aea37
"7e0fa075-d24c-45e4-a144-d9977e67b714",b58e7688-8a83-4dc1-808a-a7b2456fcb03,,eb196326-a9d5-4f47-9f04-8bf5e7629cdf
"7f485e99-c2da-45a5-8263-0aa6597f5949",a658397e-e234-46ab-ae97-4dc896ef4bfb,,"61af3619-64e6-4739-ac6d-bbbc84a1c181"
"7f80b5bd-ee7d-4c05-84c0-e272ad6551dc","82573f0c-c62a-40e2-885c-dc5d9b74ee85",,"264bb5d3-36e4-4433-a85c-8be29527ca47"
"7feebe99-5238-42f0-9daa-e779c6c27c5e",a24fa933-0ca5-4145-a374-59f376257a05,,e052654d-74b4-4ebd-94da-271d61223213
"8040f9e4-c74f-4996-8172-8aad77a8dce1",f03c84d3-a7bc-48f4-9f0b-7ddd19ea234a,,"019182fc-e190-46e6-9150-fd2c37b9ba7f"
"80666846-c091-4e6a-9416-f3a2b596d2c5","473f0234-39f5-435f-85dc-31489604f95d",,"023a18b3-700d-41ff-8140-daea6e919371"
"807cb575-e94e-4198-a858-eae497dee8f0","46c67f1d-0cf0-43a2-a0a3-56dd043bea79",,"07f552e3-1944-4afd-a4d3-ea4abcb3ce7b"
"807d8679-26ca-4a98-956d-66d04919ebdf",e085b6eb-5ed8-443a-9b70-e818770a8bb1,,"677c570e-6431-483c-a776-15af0807bcef"
"808853c5-5a30-4835-919a-43715a31fff8","22efefb7-1d81-4340-ae20-6f1eb7bb22e7",,"4c26dcd0-f901-4029-b978-34e776b75700"
"80cdcd69-521b-4e89-9631-faa8cdba061e","86740200-374e-4e07-a1fb-6373ab4b7008",,e7f4c230-204d-4180-b1de-ec2d74b14b31
"816df1a6-949e-4131-b4be-b0f414a396b4","65e2b4ad-0160-4d3e-948d-78cd1a7cfe3f",,"7e1bbd82-cb21-4018-b2c2-74356e661e1a"
"828f9a7a-9f68-4b30-b4ca-877976ed3635",d788be13-7156-429c-883e-fdba16a483d2,,"65b8b1f0-c197-47db-8440-68d2609083db"
"82e726ee-02e0-43c6-a81d-48ef0dd55987",e899e1cc-c35e-4982-9503-46fd4457d93e,,"8b8b4d75-c614-4ab6-99f0-11c30a7066d6"
"8306126f-d1e2-4eb8-9bf8-eef83024d94d","1c248c89-41de-4233-bdcf-3ceb33446474",,"571433a6-4ef1-4658-885f-01e0cad35450"
"839677c8-346c-4130-8681-a9d434bbca17","2dc1a8aa-779f-40a3-8173-ee4ba67e9d02",,d2df02d1-3d03-4fb4-a8bf-5ba607875a00
"8423ef06-2982-4353-9e10-61b982ab9c01","4cc5caa9-5394-4845-a7dc-3c3a6f465f0c",,f0d5d027-648e-4058-9fa7-fb94265471f9
"8448a457-1895-4865-88f4-5f58cdc242b0",eebed1af-1069-4de5-acea-fecee556d35c,,d9af99f7-c71e-4298-917b-bca4ffc53568
"85375557-8959-42e7-b336-1beffcd4ad48","07f552e3-1944-4afd-a4d3-ea4abcb3ce7b",,cd890296-59c9-4208-8458-7c3150c65506
"85492a9e-6b89-450e-8978-70b276e7708a","849ce1cf-1ddb-47f3-8098-e187edc63150",,"1b1f1524-8d92-484b-8c68-84fb7932e111"
"8600bf77-3178-4ad0-8e5f-3f13e96a5777","026815f2-f6f6-4de3-a534-6056db70bd20",,"4f557ddf-f7ec-4799-8587-f8f3512f5d4e"
"86ad06bc-9c33-4ea2-8b94-2da1d56ab29e","37831efd-323c-47e1-8e92-9186462a9e97",,"2c1acec4-817d-4fb2-b5f6-1acc18222e16"
"874a2e21-cddf-4728-af8b-4d26207b0d64","0ba2dced-a320-410d-a703-a970e50da155",,df8d6703-a8cd-4222-9068-6103281254c0
"875fe600-70ee-42fd-9eb3-8426985300cb","8d335296-178d-4b2d-a2b4-47c72a68af48",,"12ff52a3-2332-446c-b89d-6d7e5c1eed11"
"8770aa6e-368e-4cfd-ba65-438c611e7085","143abb09-1757-4cca-a8d1-50ca1d31bcc0",,d9af99f7-c71e-4298-917b-bca4ffc53568
"87bbcb2c-427b-4c4d-898d-b4b002ff3214","8f12ed42-2e55-42ad-8516-130bbf0c17be",,"49b2fa7f-4071-4052-ab0f-c00f9bbb8ecc"
"888de2b2-0a57-490b-94fd-1e67c3a5a692",dc97fb67-3327-4e58-8c0e-b599a9c26e86,,"916b04f3-93e6-45bc-b84e-fc6b81c8c6b1"
"89a02c36-42c3-4ba7-a999-98ca595766f5","11ca62ec-d5a6-4bd2-8c12-5d1103194771",,f29e669b-3ef2-4101-8415-a259009f17bd
"8a1066ff-c433-4a4d-9c58-628888d0f6d3","61db8b6f-067c-4b6c-9247-0fe735b8ce22",,"251b2325-23f7-4906-bc22-97e3e891d82d"
"8a3603bb-844f-4222-b4bb-10476666e3e6","2ce4a2e7-8ecd-4fc7-be68-3b172eaf83e5",,"5408ce2b-b7db-461c-aaf9-a47db47e916b"
"8b67381b-7f48-490b-853d-8e9dbf5d0469","74adb13d-e3c2-41dd-bfb7-ab08dfdb75df",,cf384768-592c-46d5-8316-4f5ff3ba6ef2
"8b98c03e-4ce7-4a4a-894a-7ed91d27c0cf",ae5320e0-3a38-4c0f-bb1d-557d3ff37fd4,,"99fc1c8d-b1b7-43d0-8d5e-2955cab0851d"
"8bb005f2-f7a0-479c-947e-fe6767559ab9",ebd84737-cffc-4b71-b80d-42cc69a38900,,"3a3fa9cb-aec1-45c3-9ef8-3fdc6158dede"
"8bfc41c6-a073-4b70-ba7c-6bac935e04e4","9c8e3dee-6a7c-47e2-be17-e6a5679d3677",,"17637866-2a5f-4b27-b2a0-dd48a1ab1683"
"8c0e726b-9b66-4449-b40f-b739b4051441","2ce4a2e7-8ecd-4fc7-be68-3b172eaf83e5",,f636113c-598c-43f1-9955-fca2d210fe67
"8c23c8fe-ad91-4bd5-b9f5-ec148ad69d7f",f613e4e6-3fea-403b-b9dd-61f2d1524e60,,"12ff52a3-2332-446c-b89d-6d7e5c1eed11"
"8c996e55-767a-4cd4-bd77-0ae2c2f1604d","7c8dfa00-e1cd-4466-a7f0-6582d1b3a31c",,c6676a81-e352-469d-b84d-caf855fffb98
"8caa389e-3b41-4302-ba8f-afdca0230353","2dc1a8aa-779f-40a3-8173-ee4ba67e9d02",,"140eb752-b7cd-4695-a125-6f793db285ee"
"8d127f2c-2cc9-404b-8be2-c56159074dd1",d049bfb6-8c5f-4b91-bafd-172bb4348476,,"2e8b0eac-b09d-44ae-a789-4ea35f78b194"
"8dc536fb-2b4c-4bb5-8edc-987593c3cbf3","1ba9f06f-28a3-4fcd-a866-f1e7199a3f17",,"2b7ce712-6243-4c41-a955-697323342403"
"8dcdf2a6-b4b5-4524-b63a-a8f7b0587986",d7db48dd-9b04-4d2f-b913-89f0a619ac0a,,ab68ad23-3bb8-4b69-b7f3-e2e585d57be0
"8e7e308c-136c-4794-b5d8-42612f2b7c62","72580be5-167c-48ac-bbdd-4bf20f364799",,"677c570e-6431-483c-a776-15af0807bcef"
"8f1849d7-ca62-4078-ae20-d1a5a554a6f7","5408ce2b-b7db-461c-aaf9-a47db47e916b",,db4a920e-1809-4ebd-8c76-17c4fdbf2edf
"90263e06-7ca8-4cf2-a21e-0f7e2b5fad7e","3085de94-09cd-40cc-be7d-a0035bb87a33",,"9d01a6fe-dac4-4103-8920-8a712cc7ae91"
"904cb3c4-fe3f-4294-9ef6-0068b76a5d2c",b730d38b-a57b-4f28-b527-f10cc7bef2cc,,"140eb752-b7cd-4695-a125-6f793db285ee"
"90528e0e-fb4e-46ad-b2f6-d7046850710b","182c9ebd-6733-400b-95db-1a467aff37d4",,"7c8dfa00-e1cd-4466-a7f0-6582d1b3a31c"
"90994737-1d20-4963-91c3-7bb3612fdbd9","5aebdb81-7d38-4bdb-80cd-83cda0594f20",,c557957a-763d-4e97-879f-f22e087e36b3
"90ee7a2d-4157-493c-8cec-e86f025bd914","1c8876fd-76ba-47da-b1be-7d855bd6c354",,"88d5df8c-8386-4fac-b501-d3faa94095ef"
"9126e32a-5bbc-44e6-b451-60e24e2f13a3","748c133a-f473-4a42-8218-45dc1b925ad3",,"7c8dfa00-e1cd-4466-a7f0-6582d1b3a31c"
"917b018d-2ae5-419d-afc5-3235a21b069a",e1cd9abb-5d95-4085-9fb4-3afcb3269dba,,"9a479230-1cfd-412a-9b4d-bbdd61ed204b"
"92bed47d-31b8-431e-ab53-69ccb4316e20",cfd51c8e-ee1e-476c-b8f8-005b4c5a8741,,"22903426-2a1d-4cfb-b9b1-b4f53238d4b5"
"92cd6128-ed42-48b1-9c6f-0f33c73f4396","58351d68-0d69-4dc0-8034-8ff6b7fc192a",,db4a920e-1809-4ebd-8c76-17c4fdbf2edf
"931fd284-8428-46e8-b856-5d0b89b379c9","234724b6-2e11-4195-aad7-d1988d2608ec",,"1074c1b2-18e6-4223-b303-b06d122cce8f"
"93470bb7-7918-468f-ba3b-7b4c54684226","7322e03b-1d04-448e-857e-5d91d6d0ef6f",,"203c8c56-e834-46a7-8dfd-c5a2f67ef87d"
"950b8a4d-be6e-439f-8a85-89ccc59ffce7","2a279650-983c-45a7-aa73-dbd2722995d7",,"023a18b3-700d-41ff-8140-daea6e919371"
"9515641a-4061-4afa-b1ef-cbe395c57979","251b2325-23f7-4906-bc22-97e3e891d82d",,c6676a81-e352-469d-b84d-caf855fffb98
"955afd8a-806f-424e-b9c8-877635abbe12","7dbdce65-cd7b-4297-9f49-ed25c1ce1ffe",,a3842b5d-335f-4caf-9a66-0f63990945f3
"95fca5d3-0273-4bce-a767-bec395655d4c","2a63f2a2-e1ce-4ee4-b9db-a0e844399b8e",,"10f335ac-373b-4928-ac7b-d7506dbe37e1"
"962b622b-12c8-4494-b2ac-5ec7cce96501",d7db48dd-9b04-4d2f-b913-89f0a619ac0a,,e1cd9abb-5d95-4085-9fb4-3afcb3269dba
"966a1d49-6ee6-45d1-a426-a2809cc85032","3408c47c-89fd-4741-b12c-64f4b4922ab8",,"1d317d3d-5174-496a-952a-b15cfa96c2d8"
"9771615f-554a-4378-a3aa-ea23a7c0434e","819e5b22-39af-467c-b5c1-3246c330a0be",,"251b2325-23f7-4906-bc22-97e3e891d82d"
"978408f3-e6df-4bfc-ade8-4028d3d97ca8",fd734d00-4ed1-4a38-b901-9c3d3840338d,,"7c8dfa00-e1cd-4466-a7f0-6582d1b3a31c"
"9793b3ed-cae6-4b93-83bc-0af248f51779","5408ce2b-b7db-461c-aaf9-a47db47e916b",,ed3cf797-c234-4bc8-9c1d-b0a991ce0c56
"9798f986-cd11-425f-b945-804e262402d1","884deaf8-5b6e-4577-9947-5399fc68b8ee",,d5800306-acb6-4ac2-b1f1-80c533884d74
"991b8272-16da-4969-adc4-98f50537cb7c",d2df02d1-3d03-4fb4-a8bf-5ba607875a00,,"468c592b-283d-4133-92f6-dd3d67efd94a"
"9999dfb8-31af-43cf-b920-3cfa6481a31d","65b8b1f0-c197-47db-8440-68d2609083db",,"57481022-f7d6-493a-95d1-83bbc0b9a8af"
"99b23496-f35c-40b7-b4ff-ef72919cfe4a","2978a3a6-eb29-480d-9657-9f9af0e38e0b",,d9af99f7-c71e-4298-917b-bca4ffc53568
"99f7f20f-caf1-4948-b2d8-2ee25fdff50b","12fa8d37-a939-4d29-9b80-818df722ef43",,"023a18b3-700d-41ff-8140-daea6e919371"
"99f9e1f1-3bf1-4150-995b-0353825f507f","3d48ad8d-f04a-400f-839e-20f00b8052e5",,c8ceeb25dda3f872
"9aab67c8-ae8b-4fa9-a57b-6f01c53ca313","2dc1a8aa-779f-40a3-8173-ee4ba67e9d02",,f0d5d027-648e-4058-9fa7-fb94265471f9
"9b91cd9c-8b2c-4bf2-a9b3-c77cea0a7a2b",a24604d5-f355-4579-9f27-4fa29cc4b983,,ebd84737-cffc-4b71-b80d-42cc69a38900
"9d0ed852-36ad-48ba-9999-4aded1e62b8b",e0fc27d8-d27e-49bc-9337-c15b398808e9,,dff21d92-3be5-4acc-98b7-9b75718e397d
"9dc1974c-c706-461b-b59e-b71f212719d7",ab68ad23-3bb8-4b69-b7f3-e2e585d57be0,,"8f12ed42-2e55-42ad-8516-130bbf0c17be"
"9e088de2-f010-4178-8761-965fc3122be5","2e8b0eac-b09d-44ae-a789-4ea35f78b194",,dc1ae500-1cbc-4ae5-880b-b546484cf70b
"9e566c77-f57a-44dd-9556-f98ed677b3c5","2ce4a2e7-8ecd-4fc7-be68-3b172eaf83e5",,ed3cf797-c234-4bc8-9c1d-b0a991ce0c56
"9ff723aa-b58c-4c60-aeed-1996dc76f1a0","74f17309-2cee-48c4-b363-a9520a4096e0",,"916b04f3-93e6-45bc-b84e-fc6b81c8c6b1"
"9ff78617-77e4-4662-bf86-3c3a6cdca5f5","32c7566f-2b50-4878-b451-59c7e29fda27",,"1c1e871a-369f-4675-95be-53ec03417139"
a05aad6b-8ac8-4eea-9180-8e8f6c619a8a,"023a18b3-700d-41ff-8140-daea6e919371",,"13b496c8-4cbe-4ec1-94f1-063a5ca092f3"
a1f3b073-7a03-4ccb-a881-8859bbeb9b32,"07dba2d2-5287-4adc-9463-06ade227a540",,"916b04f3-93e6-45bc-b84e-fc6b81c8c6b1"
a2afb987-82ab-4246-9ffd-c00f893710d7,"849ce1cf-1ddb-47f3-8098-e187edc63150",,ae483154-3b0e-498c-9490-2be6d0c7a723
a42effc1-36c1-4991-9050-a72340f5b531,d35939e7-ccaf-445c-b7b6-fd8cfc913fe0,,e32ae857-a584-4c1f-a177-79664cc8db32
a6a86fe5-0a37-481f-aa51-dff499800bb8,ebd84737-cffc-4b71-b80d-42cc69a38900,,cd29e37a-2586-4061-a666-4de54d8374f5
a6e4b31d-5774-4de3-821d-985a2cad0a5b,e1cd9abb-5d95-4085-9fb4-3afcb3269dba,,"4d370b9e-c0fd-42d6-a0e7-2a056d553294"
a722d6704deec551,"07a43631e500aca4","5b5f13c46763bf29","181fc29ed1a54bac"
a7340cfe-99c5-4324-a4a9-6e50cc0cc3b7,d27eef68-d9a9-4281-a33d-a5a3c7fc79de,,e052654d-74b4-4ebd-94da-271d61223213
a7412448-7fa6-4686-bf22-3d82794d6b9c,"2af22db2675d2f1b",,d738d277-c308-41c6-88ab-29412beeef8d
a80d9ebf-6bdd-4fe3-bcbe-65a107b1a1dd,"3408c47c-89fd-4741-b12c-64f4b4922ab8",,"140eb752-b7cd-4695-a125-6f793db285ee"
a8fd9afb-fcc8-4494-9066-5ace576f3122,"77ff43f6-62a1-4d2e-9ece-c4ee611a8d72",,e052654d-74b4-4ebd-94da-271d61223213
a9033545-6c9d-427c-9d92-548709ae5c99,"14e8237b-de1d-4c66-9208-d0d5b0b43123",,a24fa933-0ca5-4145-a374-59f376257a05
a933a4dc-4586-44ac-b568-8f5980549b8e,"026815f2-f6f6-4de3-a534-6056db70bd20",,"248c1937-9def-4428-9fbd-a6fbcf0f8a74"
a9890ee5-fef6-43f4-aa3e-2eac05f1ce05,adc9ffe0-4729-407f-b0dc-798eb4c3680f,,"473f0234-39f5-435f-85dc-31489604f95d"
a9f7b112-1a94-4190-b2b2-e35efc2b5c6e,"8f75b6e4-e07e-4e04-8c6c-f847f9a069cf",,"140eb752-b7cd-4695-a125-6f793db285ee"
aa3b4aa3-c310-4626-8f4c-21abd3b1481d,"87f0de52-1c39-467b-910d-f3a8a9e01d1a",,"677c570e-6431-483c-a776-15af0807bcef"
ab4571e0-5eb3-4192-920b-61ef5d1fd9dd,ac998728-eb00-403c-97b5-24796dbd1d13,,c6676a81-e352-469d-b84d-caf855fffb98
acc89900-23cc-4945-a230-5ac9f3884b07,"59f32bed-6dbb-4314-9b16-d8f7d45b5537",,"5408ce2b-b7db-461c-aaf9-a47db47e916b"
ad70c1cd-c849-4f6b-8e1f-094ff1487fab,a8f563d4-ae25-46a1-b8cb-78c20fefbd48,,"00e5fa95-36bc-4c1e-b99e-198017e8dd03"
ad70e368-8fca-4f81-b888-45b7f775966b,"0924783a-6004-4bec-b8c1-2d167c4c0cee",,c6676a81-e352-469d-b84d-caf855fffb98
adcc9c38-ca3d-4e38-9aa4-f3d92e19acb6,"881388cd-d227-4dbd-abaa-7ba0a7284257",,c8ceeb25dda3f872
ae469033-cd3b-4d86-8e65-32da9e1919f0,"1015debb-c62d-4f7b-bc4a-53c9649b74ee",,"243dcbffd7f2547b"
aedde877-5e9c-4a84-91c3-35444de7f6df,ea504e6f-fc1a-4aa6-97a5-59f3c5aafbbc,,"12ff52a3-2332-446c-b89d-6d7e5c1eed11"
af81ece1-0177-441a-8e89-5f05aa078066,"057f82b8-ca92-489c-9ae5-7239a56e6716",,"8abd398a-1c38-46df-86ed-f4fed1dbb431"
af9855a1-7b36-4a07-b1ea-30ddb51ace01,"7483ca43-8050-4d4e-a665-c6db90c69f02",,e052654d-74b4-4ebd-94da-271d61223213
af99d633-5ef0-4a4b-a24e-7a9505acd8e5,"78e69407-f2e5-45a1-97db-627a4c616ca4",,"15f55682-9601-403c-a1cb-8da649cc3ec1"
b0ffd44d-9971-40d8-a38d-176d52b0f243,"9d01a6fe-dac4-4103-8920-8a712cc7ae91",,c6676a81-e352-469d-b84d-caf855fffb98
b1327421-12e6-4ccd-ae57-93d5cc8608cd,"4cc5caa9-5394-4845-a7dc-3c3a6f465f0c",,d2df02d1-3d03-4fb4-a8bf-5ba607875a00
b2076ae0-960c-4566-83cf-5318c615eb56,f28fd5f9-a7a3-4dd0-9ca9-835e81d47e16,,"849ce1cf-1ddb-47f3-8098-e187edc63150"
b216aedf-f87c-463a-bdf0-5ea4773818eb,dde4b587-3d89-4a39-bb94-c5cc5dfd57f0,,"938ca20b-35d1-46c2-b32b-bd802152bd85"
b23cfeca-1d5a-4bde-aad7-34889674cc71,"78e69407-f2e5-45a1-97db-627a4c616ca4",,fe185bd0-d56f-4ef7-be5d-5eced37ed529
b35a6726-84d9-4e85-acfe-4055526d1c35,"2ce4a2e7-8ecd-4fc7-be68-3b172eaf83e5",,cc7367b4-8b16-44c2-89b6-3a861f1799b7
b3a279b9-49e7-4b4b-b9eb-3d9385c39cc6,"02b4631d-e3eb-4312-92aa-3ed6f23ddf64",,"13b496c8-4cbe-4ec1-94f1-063a5ca092f3"
b4e335d3-dd3a-4552-86bf-8bd7e577aa3b,"845eb763-ce54-40ab-a6df-4b6c510c7042",,dca32d68-1f66-4c8a-b911-9b93518c981e
b52ad8a4-0984-42d1-a6c1-5e68e57ae8e2,"174d5974-f059-4ffe-a1b6-5725dbdc82df",,"4c26dcd0-f901-4029-b978-34e776b75700"
b531a388-523f-4972-838b-1fb0aae6368c,"62da234a-2c82-49c9-87c8-abf30b0af195",,ca8a15d3-6f74-4b11-bc6f-a0619a20a1b8
b59f587f-11a4-4d8c-8d3a-eefaaf37ad32,"0a8cae45-167d-4523-86da-5b590f83f8bf",,"9f201bec-b158-43f1-a836-fd466929044d"
b6229899-5cab-4f9c-8013-0ebd64d0d127,cfad3df2-ed78-44d9-9c07-dc83d1de49fe,,"22771899-9bad-4026-9907-26733e10a0de"
b79a6f78-8a7c-4414-897a-314abb4b88d1,"82d2d386-365a-40a9-8def-2d1d02ddd307",,"11d8b581-afcd-4d94-b291-8fb8ebb14762"
b8b4eed7-4506-4439-be59-6e1bd1f06237,d70ff1f7-f546-4e2e-97ef-b2890239b654,,"0a8cae45-167d-4523-86da-5b590f83f8bf"
ba713f23e2566564,c8ceeb25dda3f872,"1c64da2c729818bf","57ad1383300ab652"
bad6762a-dff5-48c3-b12e-29921fed8639,ee8736ea-3f6e-417d-957f-95f24e821ab8,,"64d592a9-04c7-409a-ac00-b3d644625d2f"
bae65129-6c41-4b6a-8e54-20d498c9334d,"19bc3b67-81f2-4ee3-837a-e1a00c661b9b",,df8d6703-a8cd-4222-9068-6103281254c0
bca713fa-11cf-4178-a7d3-69e795a752be,"492eec8f-354c-43b3-bde1-2f8e2ebf1c19",,"677c570e-6431-483c-a776-15af0807bcef"
bccd282e-8c46-49c5-8efd-cdc44429b2f9,"62da234a-2c82-49c9-87c8-abf30b0af195",,"019182fc-e190-46e6-9150-fd2c37b9ba7f"
bd91529c-bc21-4906-981a-9a8c1ea140b4,"707c8648-4005-4688-bf84-ef362221f4d7",,"677c570e-6431-483c-a776-15af0807bcef"
bd917b46-9a3f-413f-bff3-3af5f07767db,e84111c4-4f83-4246-8690-ebf133130f21,,"36efad8a-fd37-4bda-989e-c02342dd080a"
bf6cda4c-8103-47a4-9b6a-7e3f6b0d6c00,"2dc1a8aa-779f-40a3-8173-ee4ba67e9d02",,e7f4c230-204d-4180-b1de-ec2d74b14b31
bf80f684-7824-494a-b2ea-66107be3a529,a2061152-6ef4-487f-9760-0976a15b68f3,,db4a920e-1809-4ebd-8c76-17c4fdbf2edf
c0190103-b098-40be-8ef4-bcf6c46eed1b,fe185bd0-d56f-4ef7-be5d-5eced37ed529,,e304055a-9dd8-4dc5-a02e-9fce253a05c2
c02c0fd9-7143-4b8d-acd1-9227675c5a3d,f613e4e6-3fea-403b-b9dd-61f2d1524e60,,"140eb752-b7cd-4695-a125-6f793db285ee"
c0611cbf-f883-43de-910d-a1c9c28adb5c,"95ddec81-d85a-4df2-a849-85af28d98cc1",,"422ada4e-218f-4496-88e5-be92e903b7d9"
c0ab96b4-2c71-41d0-bfb6-4453b453e288,b58e7688-8a83-4dc1-808a-a7b2456fcb03,,"3eea148c-99c9-417d-9872-0d14c264405e"
c0e99666-1608-4142-962d-71004141ec5b,"23287edb-9981-46bb-8788-d00dc91cf49a",,"3a5f4037-a77c-4615-bd9b-ba34a5796a05"
c15fb5de-67cd-4834-b2fe-c9165ca0fb2d,"422ada4e-218f-4496-88e5-be92e903b7d9",,c6676a81-e352-469d-b84d-caf855fffb98
c1b5c293-9768-4320-b60b-4f5f2debbc60,"4ec36fbe-187f-49a4-b7ea-eeecd23d680f",,e32ae857-a584-4c1f-a177-79664cc8db32
c1bb0862-2ce3-4728-bd63-be5dc3d3ccf9,e0fc27d8-d27e-49bc-9337-c15b398808e9,,"35639c79-e214-44e1-bea8-a16f9676769a"
c1dfbb8e-30d3-4522-a8bf-c22d68e7081c,adbeb76d-7210-4293-80dd-4445b6f0dae6,,"09d644bb-0319-4e73-87c9-12268c7e9cf3"
c2693eff-c2e3-4904-95a1-8ede36fbfabd,"3928d8ef-79ce-4804-8851-be93da3c25bc",,"1c1e871a-369f-4675-95be-53ec03417139"
c320e55cca28d880,"4d3876a07b82ac53","348cda201fcba5f2",ca5af6f02830c299
c3605da2-5c50-4847-b292-37a2e165b688,"52e34170-0726-4ac0-9d50-bd72464a6aa0",,"392f3751-bf95-4c1b-8d81-5b60eb2dd09a"
c37de8e6-0bff-4dd2-831b-0d5e7997584b,a256cd31-f698-45eb-879d-1edef5464e17,,"08e7e80a-0bb3-4f18-9a89-5eb390bec82b"
c3a4a742-6154-4e1e-ab06-71626cd86335,"0777f3cc-b884-45d4-b3bd-9aeac9de0199",,c6676a81-e352-469d-b84d-caf855fffb98
c3ec7062-6e0b-4be8-adb7-a3ba6ea117af,"15f55682-9601-403c-a1cb-8da649cc3ec1",,"6aea085a-5a9e-458d-b83f-d0912b86d63a"
c4017f42-f661-4123-9ddf-f64c177cf3b6,"9ede7572-471c-44a2-acaa-549f6053feb8",,"251b2325-23f7-4906-bc22-97e3e891d82d"
c45f2233-18a1-4346-b366-deb4af5754c0,e99e38cc-c392-45a9-9409-64dcec3f0e0d,,"0a8cae45-167d-4523-86da-5b590f83f8bf"
c4bc9346-2ea4-43d8-a632-cdb5753d00a8,ae483154-3b0e-498c-9490-2be6d0c7a723,,bd8443a8-dae3-47d5-b87a-ca0ac6cd5b01
c4e086aa-7196-495b-a3c9-f50a0ce2401c,"027f0d95-daa6-477e-b64b-09066d996ee7",,bf23ed05-31bb-4052-94b6-f0a816512525
c4ecfab3-72a3-4ae8-b1be-2402294b5b63,"58351d68-0d69-4dc0-8034-8ff6b7fc192a",,"86740200-374e-4e07-a1fb-6373ab4b7008"
c5c2e89b-3e99-4000-8fa3-e3706cbb8f5a,"4802068b-3a9e-4c42-8d71-7f8ec26d14f3",,"140eb752-b7cd-4695-a125-6f793db285ee"
c5ca281c-38e3-4717-9396-00d2ac7b747b,"82d2d386-365a-40a9-8def-2d1d02ddd307",,c8ceeb25dda3f872
c781d930-b506-45a0-96d6-02c7cd82571a,"8e647dbd-d793-47ed-b997-7fcaaf182cac",,"834079ca-b144-4229-a20a-ad69455ff845"
c79cd30b-2717-4456-b589-8796ed8bbb0b,fa57c15f-6a1f-4f99-a640-06b448bf8eec,,cb92f0cc-23f6-4377-9d97-3655306fe7f8
c7aba3b5-5e2c-4f8b-81bc-b5bc4bf818a3,"6336ece5-3630-4aeb-b681-c0d8b8c7d882",,"8b8b4d75-c614-4ab6-99f0-11c30a7066d6"
c7d87096-e392-4f62-9d48-1ea0959cf5f0,d299906b-fa3e-4aab-b830-0b8f04f33d9d,,"248c1937-9def-4428-9fbd-a6fbcf0f8a74"
c7db576e-99ad-4679-b508-cf8a9bade478,bd0fad29-12f1-456b-83ec-5a5f6cb0b11e,,befa4453-07cf-4112-9837-7b718e126d3d
c8829381-d644-4750-a166-15445ec4cab2,de3b5f6d-d147-452f-8fe8-b1d7a8289847,,"3a5f4037-a77c-4615-bd9b-ba34a5796a05"
c9909d57-b422-405f-a0ba-ca551c2de13c,"5408ce2b-b7db-461c-aaf9-a47db47e916b",,"86740200-374e-4e07-a1fb-6373ab4b7008"
c9cb0857-2a11-4a07-8c26-bd7c6dc87894,"25da440e-b72f-4196-8006-433bdad407e2",,"677c570e-6431-483c-a776-15af0807bcef"
c9f6ba28-e74d-4b7f-81b6-b263fff0a779,"38e17133-15b0-4a0a-8633-41130254d3cb",,"8e647dbd-d793-47ed-b997-7fcaaf182cac"
ca405dee-5ff6-4cb8-afb6-587ab90aed39,"30fb0b19-75ce-4fa0-b38e-a9746b75068d",,"769929ad-bbe2-4e63-8414-6e71203f1b7c"
ca41eca4-b0f6-48d9-a79b-58648da5d1d8,"6c3d6dec-8a7e-48b0-b59d-ce9491e4ab62",,e3598d42-5078-438a-9bbd-09047f456476
ca9905c5-2337-432e-b5c6-263fff931d28,"23287edb-9981-46bb-8788-d00dc91cf49a",,"50622812-e23d-4f0c-87bb-6ffb4c13d77f"
cb1cfb5b-8521-4b2c-99e3-91225f53c1dc,"03f8ace0-7c3b-4a14-adc9-fdf8079720ec",,de3b5f6d-d147-452f-8fe8-b1d7a8289847
cb7edc24-03f8-469a-9f92-811f41b3552d,f205d113-f174-493a-a34d-7545256a5c6f,,e052654d-74b4-4ebd-94da-271d61223213
cc324a95-6549-46be-8dbc-4547352e9bda,dbc7d733-c925-44f8-8e85-c8d8b09cc009,,dca32d68-1f66-4c8a-b911-9b93518c981e
cc3f19d1-daf3-4e75-b09d-72b709564308,"677c570e-6431-483c-a776-15af0807bcef",,a8f563d4-ae25-46a1-b8cb-78c20fefbd48
cc533ab6-b03e-4efe-b701-4fb309662223,"9637533d-71bc-47dc-9745-0a21a050cef9",,e32ae857-a584-4c1f-a177-79664cc8db32
cccd195d-53da-488b-83a7-7302121f64d1,"45c2c049-2e9c-417d-bbaa-bf93d06cdee4",,"534bdc5c-5e27-4aae-bf8a-34900de15268"
cf470b53-5af1-4a32-bf88-2f7a3a972297,fe185bd0-d56f-4ef7-be5d-5eced37ed529,,"1b1f1524-8d92-484b-8c68-84fb7932e111"
cf5fce59-4b2d-4fb4-9674-c94e936cf2b8,"1e913c93-d8b0-4f5e-a00b-d8cf93d1a104",,"85b9f490-4863-4930-a7ed-557876d9592b"
cf8a5f25-d20f-4578-8dd7-25b4135c0227,cc3405f8-ba97-4c7a-a126-ded2b6165fe7,,e052654d-74b4-4ebd-94da-271d61223213
d04c00c0-4e49-4522-8ac3-42a9ddd516fd,dff21d92-3be5-4acc-98b7-9b75718e397d,,e052654d-74b4-4ebd-94da-271d61223213
d08c8db7-e0f0-4ae1-ae3b-1d6159d24bb4,"6ae8e6bd-a26d-42c0-812b-430686874960",,"162b30aa-2336-4d7b-9b54-78b539ddac74"
d1023e03-516b-4fc0-b9c0-064832787f01,"8692de80-73db-4cd1-ae7f-6ca2b51e1ce0",,"93f20b52-b0c1-4b26-a389-d8ffcfb758c4"
d1316d18-b540-4d2b-a26b-77c926078c95,"10f335ac-373b-4928-ac7b-d7506dbe37e1",,d9af99f7-c71e-4298-917b-bca4ffc53568
d15c5f90-37ef-4062-8027-cc8930cc8d8f,"47c27a9e-350e-4d2a-9bb0-6d5b1b0d6b8b",,"174d5974-f059-4ffe-a1b6-5725dbdc82df"
d1d18c76-9a9d-446b-bc48-9b73649a374b,"3928d8ef-79ce-4804-8851-be93da3c25bc",,"3408c47c-89fd-4741-b12c-64f4b4922ab8"
d21b43ba-5f8c-4f01-b78a-f5bc73253e31,b730d38b-a57b-4f28-b527-f10cc7bef2cc,,"12ff52a3-2332-446c-b89d-6d7e5c1eed11"
d24ec99a-a7fb-4656-807b-0c6973b59826,"28769e67-c0fe-42cb-8430-419bb95becd2",,"65b8b1f0-c197-47db-8440-68d2609083db"
d4fcef7f-782f-483a-aafa-982314d4b900,"3408c47c-89fd-4741-b12c-64f4b4922ab8",,"534bdc5c-5e27-4aae-bf8a-34900de15268"
d5144860-c22d-4172-9498-599e24546998,dc0fda6e-bee9-4de0-b7e1-068db77d1a76,,"023a18b3-700d-41ff-8140-daea6e919371"
d5d82fd7-dbae-41d5-99aa-db9ea8e97c79,bdddc1f9-69ea-4f0e-9ce6-e4c910cdc8e7,,b43f35e3-5a82-432e-ab3f-e44ee32ddd32
d6d02b9e-05c4-4d5e-b6ff-db3e8d909c3e,"23287edb-9981-46bb-8788-d00dc91cf49a",,"1b1f1524-8d92-484b-8c68-84fb7932e111"
d7b6cfb5-620b-4d2f-9a89-91d81a555492,"084c7c2f-e4cc-4c62-bdd2-7ef3e3ea158f",,"534bdc5c-5e27-4aae-bf8a-34900de15268"
d8097f7f-6ab2-4905-99ff-dab843be4bbe,cb354afa-ef1c-4b02-9467-f2147c46a6f1,,"36efad8a-fd37-4bda-989e-c02342dd080a"
d80bdc41-9682-4527-af68-6930fe4fbaa3,"1a7df3b2-95d0-47bd-b87c-d7539e17f09e",,"251b2325-23f7-4906-bc22-97e3e891d82d"
d828f66a-da04-4508-9baa-f4f8d5d7669f,"88d5df8c-8386-4fac-b501-d3faa94095ef",,f0dc40eb-2319-4e59-abfe-897d4644938b
d8e619e1-a7c2-4401-aff1-8dd9fab819a3,d1c9b970-9691-4791-8f0e-078417001e81,,"243dcbffd7f2547b"
d903cdbe-ae50-4311-a3f2-0a896967dcce,"07a43631e500aca4",,fe19ed85-688f-46bb-aa68-d8dc4d706c5c
dac573fa-9e3b-4d87-aeb3-af3320af1e69,"1ebe5a56-a1ed-472f-a219-78578ed4cd45",,"12ff52a3-2332-446c-b89d-6d7e5c1eed11"
db8e0821-8803-428a-9a55-ec332a42bda7,"265304b8-9b47-420c-ac52-dbe02731ef10",,"1410c10d-dc94-4e7e-b160-3ee87634f69f"
db92244e-7ab1-43e0-9935-aee566efe8f9,"7483ca43-8050-4d4e-a665-c6db90c69f02",,cf384768-592c-46d5-8316-4f5ff3ba6ef2
dbb2902d-bd78-44e6-8518-c55438655841,"22cd5c2a-69cb-44b5-8fb0-2a4a20d4e68c",,"677c570e-6431-483c-a776-15af0807bcef"
dc9e743f-34e3-4510-af1c-ede5a8218ee3,"18f3e396-fc82-45e5-9c56-5eaca76e6f1c",,"7483ca43-8050-4d4e-a665-c6db90c69f02"
dcf2e47d-b6ba-4cbc-a557-4524d7da3ff0,"1fb0e843-c3a3-4dad-8111-7602e2a7b6e3",,b49ca9a7-8ac7-4707-a4dc-353bb67e8177
dd3202fe-9892-4ff5-a0ae-828eb5b67d3b,"2a1b5549-baea-40ed-8329-bd0ec0ee4043",,"37831efd-323c-47e1-8e92-9186462a9e97"
dd3647e4-c6df-43c9-8189-4554d4c66d04,"654bb700-0bdd-4120-a720-7da93d840bfe",,e3598d42-5078-438a-9bbd-09047f456476
dd583df7-82b3-4060-af2e-031df6a3b499,f28fd5f9-a7a3-4dd0-9ca9-835e81d47e16,,"4c26dcd0-f901-4029-b978-34e776b75700"
ddecb0ec-4e02-49ad-b5e9-0ac9a8d0b026,"21ada548-a639-40d8-b85a-e1d0738e286b",,efed4927-c7c3-417e-b96b-deb17eea9506
dfcfac8b-9820-4017-8d04-40ef471470ec,"45c2c049-2e9c-417d-bbaa-bf93d06cdee4",,"4c26dcd0-f901-4029-b978-34e776b75700"
e034692b-9cf6-4857-a87b-2e0586dac0cd,dd0e2ac7-356d-407f-89d4-57abc781880f,,e052654d-74b4-4ebd-94da-271d61223213
e28f12fd-249d-4481-9c86-54ae5e457e9d,"4ab47fb0-2ac8-465d-85e2-abe0679643c9",,f0d5d027-648e-4058-9fa7-fb94265471f9
e356c1e8-c13d-4185-9a75-e3c5e2dbdcc5,"834079ca-b144-4229-a20a-ad69455ff845",,"08e7e80a-0bb3-4f18-9a89-5eb390bec82b"
e3f459dd-8ad1-4f80-a8f7-2744b2af82fa,"7a30c899-8867-41ae-a9d9-f1ecafcd76dd",,eb196326-a9d5-4f47-9f04-8bf5e7629cdf
e5aa53be-6c06-411f-aeab-81da59d6d24a,"23287edb-9981-46bb-8788-d00dc91cf49a",,ee7808e3-77ee-4985-b804-8ba00adcacf2
e5f143eb-d505-493e-b229-adc0213624ba,"22cd5c2a-69cb-44b5-8fb0-2a4a20d4e68c",,"916b04f3-93e6-45bc-b84e-fc6b81c8c6b1"
e654aab8-c371-412a-b5d0-d7dc6c784399,c6676a81-e352-469d-b84d-caf855fffb98,,"3eea148c-99c9-417d-9872-0d14c264405e"
e73aab08-272e-4c5d-9be3-214cea8639c0,"3a5f4037-a77c-4615-bd9b-ba34a5796a05",,"49b2fa7f-4071-4052-ab0f-c00f9bbb8ecc"
e78b5255-aa26-44b8-aaac-88e43905ecf2,"62da234a-2c82-49c9-87c8-abf30b0af195",,"4aa8f141-4808-47ab-a289-def9957b94c8"
e792e1f4-4e9a-4592-b9b9-5b14aadf9dcb,"09d644bb-0319-4e73-87c9-12268c7e9cf3",,"22903426-2a1d-4cfb-b9b1-b4f53238d4b5"
e7987feb-9df3-49ef-aaff-fe1b22f8d6f7,f28fd5f9-a7a3-4dd0-9ca9-835e81d47e16,,"07f552e3-1944-4afd-a4d3-ea4abcb3ce7b"
e85acefd-8754-4aca-98a2-be4a2ba56d59,"1a909365-65ef-4254-8344-93d7b0e445c4",,"0777f3cc-b884-45d4-b3bd-9aeac9de0199"
e8c18ec4-5e7f-4569-bbf1-58b0c41c0041,a69f83e8-98b9-48ea-b9b3-bf733ad1cb60,,b43f35e3-5a82-432e-ab3f-e44ee32ddd32
e8cbf74e-2e8b-4055-9cd3-5e59344e31b5,"7ac673a0-d379-4a74-b8f7-0eb6c568c7ef",,"5aebdb81-7d38-4bdb-80cd-83cda0594f20"
e8db97b8-5ec8-4907-8b5b-4f99ea1a9855,"243dcbffd7f2547b",,cb71340f-347e-4e51-984d-8748732b9a0e
e90964e9-8808-4400-90f9-c073d15189f1,"7602d00a-49db-4532-bfa9-093c91207fca",,f1aee7cc-bc5f-4359-843e-22417f600373
e9ffe193-0147-44da-b63c-1926e94bedbd,d049bfb6-8c5f-4b91-bafd-172bb4348476,,"23287edb-9981-46bb-8788-d00dc91cf49a"
ebad62cb-48a4-497f-9365-4a5c6c5e7622,"368e6d23-766d-4d3f-bd80-40b814843cc4",,"677c570e-6431-483c-a776-15af0807bcef"
ecbedc44-2d27-44c6-8c30-ad62f83dabcd,cb354afa-ef1c-4b02-9467-f2147c46a6f1,,cc3405f8-ba97-4c7a-a126-ded2b6165fe7
eccf773c-9169-4edb-8b54-078ba902cab7,dcad6bf6-3257-499f-8159-b00a4a784a54,,c8ceeb25dda3f872
edda2ccb-dd21-4359-9c7b-e87ee73ef0e3,ab685b8e-c2de-4dfa-aaf0-d5c49f995d1f,,"2978a3a6-eb29-480d-9657-9f9af0e38e0b"
ee1ad307-5f4d-4346-9d82-23861d18374b,"70f2421c-d728-4eb5-84ae-a43b539eede3",,"264bb5d3-36e4-4433-a85c-8be29527ca47"
ee6de70b-106b-4fa6-895f-f9966c4b8a4e,"86e07991-d170-4caf-baa1-236327b34858",,d9af99f7-c71e-4298-917b-bca4ffc53568
eed45cfd6877fe20,"181fc29ed1a54bac","5b5f13c46763bf29","243dcbffd7f2547b"
eef3f33f-62b6-4cc0-8a61-4cbcd85812b7,"026815f2-f6f6-4de3-a534-6056db70bd20",,ac998728-eb00-403c-97b5-24796dbd1d13
efa2d544-56af-4e00-9e3d-ea5a7b2ad225,"135c07b6-39af-4b49-9037-2bfeb2d1bbee",,"04064674-3b22-415a-b9d0-ebe66e1d9299"
efcf53d9-3e1a-462b-bbcf-5f9ae1cb30c2,ec55be5c-b6f9-4464-8727-63fb810ef252,,e3598d42-5078-438a-9bbd-09047f456476
eff1008e-497e-4531-9d48-847b8de6b7d0,"07f552e3-1944-4afd-a4d3-ea4abcb3ce7b",,"1a302ccc-c227-405d-91b6-0b81fe6aac88"
f09a25f2-ef82-4ab7-b9bc-6ecc3696f712,"2252b7ac-7ff4-467d-ac58-c60e8bc588ef",,"2ce4a2e7-8ecd-4fc7-be68-3b172eaf83e5"
f0a1c12e-d357-4575-9b3d-fd1c1b92a1e7,"6ae8e6bd-a26d-42c0-812b-430686874960",,ca8a15d3-6f74-4b11-bc6f-a0619a20a1b8
f21b156d-e256-4740-81b6-16fd563d68a9,b9c5b715-03ef-43d2-8b14-392fa4756f4b,,e052654d-74b4-4ebd-94da-271d61223213
f253c1fe-e654-4483-9863-44a6ea0d7fb8,"1b1f1524-8d92-484b-8c68-84fb7932e111",,"1d317d3d-5174-496a-952a-b15cfa96c2d8"
f25f043e-6ab4-49f9-9e99-0a1f83caf31b,"4cc5caa9-5394-4845-a7dc-3c3a6f465f0c",,"140eb752-b7cd-4695-a125-6f793db285ee"
f30db781-6175-4a4a-86a0-bdb63b73455f,"69ca3acb-5044-4162-8d8d-9934a32e3d3a",,c8ceeb25dda3f872
f35d36f7-51e5-4215-a578-d5ed6197ff0f,cc457868-3a76-4f18-b5c5-7766bb0cddc3,,"769929ad-bbe2-4e63-8414-6e71203f1b7c"
f4252968-b368-4976-92a1-bbf871e84e3d,"23287edb-9981-46bb-8788-d00dc91cf49a",,"88d5df8c-8386-4fac-b501-d3faa94095ef"
f43cebe6-22d6-482d-9b54-f10b20b31a76,a3d185b9-e7c6-488f-a4cb-90cb2e5b077b,,"661885c3-2c92-42fd-b1af-5f1be1925847"
f46391e5-7898-4789-b8bc-bb24d13db590,"2a279650-983c-45a7-aa73-dbd2722995d7",,"36ed4e42-e44b-4d77-918e-bc4021a68e14"
f4c90c75-7132-4baa-86d0-d80ff76d3465,"59a35f2c-28ff-433f-b907-50bbe77b8bf0",,"677c570e-6431-483c-a776-15af0807bcef"
f61244e8-9e42-4560-a13e-e879e11888ab,a50e0fa2-f6d2-4c2b-a5ac-88e694e258db,,"140eb752-b7cd-4695-a125-6f793db285ee"
f6d6dcfb-c449-47ca-ae7e-527f81e3c74d,ade886a3-a870-4490-a634-5ec8d3fad430,,e3598d42-5078-438a-9bbd-09047f456476
f812180c-5206-4a8c-9f60-c247d2399bd4,d1c9b970-9691-4791-8f0e-078417001e81,,"9f201bec-b158-43f1-a836-fd466929044d"
f87b12ae-a0b0-4e0d-a372-5814242e8786,"0da0b39e-cd2a-4568-8d3f-e27ff5f5039d",,"0a8cae45-167d-4523-86da-5b590f83f8bf"
f9781d91-2cb5-4037-b4af-8898f573c855,"15405de2-f116-476a-8ee4-3ee9a3109642",,f28fd5f9-a7a3-4dd0-9ca9-835e81d47e16
fa213d17-01e5-4abf-9fd7-d7cf5717a47c,de3b5f6d-d147-452f-8fe8-b1d7a8289847,,"534bdc5c-5e27-4aae-bf8a-34900de15268"
fa3bc1ca-b2b9-4e0e-9507-045fa54285f0,"15405de2-f116-476a-8ee4-3ee9a3109642",,eafb23b1-8b09-49bd-96ee-a815793f456d
fa911c93-9b87-403d-9e90-2e999af0b616,f03c84d3-a7bc-48f4-9f0b-7ddd19ea234a,,"1b1f1524-8d92-484b-8c68-84fb7932e111"
fb05b5ce-9c54-4ece-aeeb-7de2b781afdf,"602fed46-c766-4d44-aad0-d53649979459",,c8ceeb25dda3f872
fb1b708a-5220-45cf-b55e-f6d5f980cf29,"9940567c-ef1f-4d0b-b555-8136cd56c225",,"74adb13d-e3c2-41dd-bfb7-ab08dfdb75df"
fb3f8d43-370b-4204-9399-7e0c1b15f866,"23287edb-9981-46bb-8788-d00dc91cf49a",,ae483154-3b0e-498c-9490-2be6d0c7a723
fbce9960-1cb7-4f15-b9e1-c8b0dc2881b6,"6d25dace-1c58-402c-b29f-d8f19f6e8f2f",,"2b8ae870-c2d1-4374-a5e9-c7dc2760a2e6"
fe5e11f0-e9a8-40d5-91e7-a2fbf805cacf,"8b8b4d75-c614-4ab6-99f0-11c30a7066d6",,ee7808e3-77ee-4985-b804-8ba00adcacf2
fe7602c3-6bc5-49d8-80e4-555d2d1a99f5,db0e0699-b395-4d79-924d-c5bfbcc09dd1,,"57481022-f7d6-493a-95d1-83bbc0b9a8af"
fe80e2c9-01c4-46aa-9f40-90bea4f885a9,bfeafb17-e673-4b21-8a9a-93a2928dd72a,,db4a920e-1809-4ebd-8c76-17c4fdbf2edf
ff2205d3-26c5-464f-a62f-08346b82bf44,f2d537ca-30f6-4b07-9850-f30649165b09,,df8d6703-a8cd-4222-9068-6103281254c0
ff4f575c-1b83-41c9-b06f-f12907678add,"009525b1-1b29-4f40-994e-8fc1bf797c6c",,"023a18b3-700d-41ff-8140-daea6e919371"
