"id","plan_id","work_id","work_type"
"0012302d-ba1c-42e3-bb57-f892179370e0","92aaa14a-50da-49c9-8515-1884868aa4b5","9a93863e-3950-4f02-8d25-133b463346ec",TIMING
"00f6aab1-7840-41cd-8873-8bb4bd9821fe",af4ed1f7-7c96-4cd7-80ce-92579ee5f83a,c08f921b-d18f-49a6-9109-07e04dd6b292,TIMING
"016466b0-2b22-445c-97c8-cac4b29e3def","689248c5-72cf-40ef-be85-fb78d1811206",b1213ac5-79da-445f-ac01-e01a4b507fb2,TIMING
"02289c02-a7a9-4513-b649-ae7bdb869c4d",e842b337-f685-4d7c-b497-32d217db105a,"0fc1a616-e1de-4d92-9e61-d15424309e76",TIMING
"02ee12b5-03f2-407e-8cb2-00c28943c91f","54601eeb-a453-4a18-91e9-1999a4f18ea3","470893e8-b3eb-40e4-94c8-12597c371f0d",TIMING
"02fdafa3-960c-4004-8297-6a9bf75dde89","68a586e7-3fb8-4d8a-9495-b1e204d84d65",f9198a9e-a849-4000-b7ac-aa5db4d4bd81,TIMING
"03109b63-b551-4858-8af2-36dda376e7e2","040ae248-a0d5-4a3e-b2ac-ab75b7e1486d","9a601dc0-3561-4d7e-8eca-58d4ecbedcc0",TIMING
"0403174a-9642-459e-93d8-00c4f30076e0",d342871f-d104-420f-89a2-97de2bb5b206,"89aef145-91e3-4360-a8e6-99903dce396a",TIMING
"06673468-4872-4d1a-90a7-35520dc7fc9a",d8afa508-072a-47f5-8b38-9c8a0ff38dfa,a617f1af-a6c6-4317-852e-a125c3eabe8c,TIMING
"072abed7-96f2-4851-964c-4f0e44c3fc20",b578b25c-51b9-43ce-b3bb-71cf0dd15552,"3b25a5b4-b28e-4d6d-9d46-06546a2220db",TIMING
"07973a06-e695-48cf-9670-b653d7bd0e45","20cc58d4-ff59-41de-a939-8f12ac0520bb",fdecc9cc-6074-4337-a78c-cb10671255ec,TIMING
"08361422-6714-4760-9082-160276440a5a","79171909-7593-471e-8e8d-b5cff9ea5701",d61964cc-07d9-4f93-93b1-eba4c358d4bd,TIMING
"096c55c3-97b6-4924-a9d8-68e8e89a2ca0","1f5bec8b-fef7-4616-ac61-63fca9c02e19","63f314ea-e571-4308-8cb5-63470fcb2fc7",TIMING
"09c45dee-741b-4d66-9eeb-3fcb408c29d4","8a1a2043-50c6-492a-9450-18eeb8c07a14","537b99da-83c3-45c0-8b57-a1cfd760c3ad",TIMING
"09cd33f2-8d20-4b0f-84eb-4950aea68841",cbc90236-6acb-4a06-8835-1ee865f79539,"7a6094e9-1545-4baf-9aad-60c51c4a2563",TIMING
"0a8ce855-a220-4265-84c2-ac04c0a70f9e","1636d5a6-ec28-40e0-9f2d-9b70037002cf","8d3c9d4c-c8c4-4bc3-b089-fc166728a1ff",TIMING
"0bb7a25b-ec6a-4fb8-ac6a-d2f8f63a6f87",fe16ffe7-09bd-43f8-a295-2eb2b573073d,"5bdde80f-da3c-474b-868d-6aefc34b8419",TIMING
"0bdc96b8-c26d-4a3d-a91c-f7475a53e1ec",b8cfac86-7ed4-4b75-ad9d-3497bd2fe799,dc3bdf62-0143-415e-8b16-e8902c466346,TIMING
"0ca3faed-9b79-4911-8fe9-82359f4d73b2",b78500d9-0c20-447f-95c2-5787f20004d7,"439a0308-dd07-4b33-8d43-a0886650f9be",TIMING
"0cd553c4-efe3-4324-ad8c-5c72f0f3a4e8","4709c29c-ba9a-4482-b102-2184fb34a05c","991520b3-c163-4196-afbd-82d1a7720591",TIMING
"0e152540-8f90-42f2-9c58-760afb4a96de",bbc0f563-edac-4a40-8c9b-b2b9acb482a5,"737ba88b-e699-47c4-8eae-efc5c78ea2a8",TIMING
"0f101e36-2173-4a66-b9b9-ef9c00892213","8321b4f5-ee10-4038-bb69-c9166838598e",f850d782-960b-49f1-acf9-deced0e0a7bb,TIMING
"0f7e891c-da31-497d-903b-bec1a0543810",fa59a409-87b3-4469-ad49-b25e4057aac0,"3fae9e85-cbab-4ce8-81e0-0d6aa084286a",TIMING
"114568d4-f5f5-4665-a740-b8e7efa80b30",e4be805e-ecd4-41c2-8e02-7b581b6d5139,ed3c30b2-b0a6-4147-8779-0016ec938785,TIMING
"116ea203-ae6c-4ed9-a962-725e2ba1a6e3","99149a1f-7538-4da1-84b3-113385b011cd",dc12f3e0-d9d0-44b2-97db-69ba85e29cda,TIMING
"11be46b7-74ac-4a56-8953-a825da66126d",c5347a80-5050-4252-91ac-27b01c8a2251,f1dd631a-1fe4-417d-b0d4-deab0708e490,TIMING
"121717c6-0b38-480c-9f19-889ff78d2424",a7ef42af-6e3f-4315-b6f9-46255518d1a2,b7223533-fe12-41b1-a6c9-7766aebc37e5,TIMING
"14fa3ea6-c6c0-4004-919a-620d0f22d14b",ce5c8c15-05fb-46bc-a98b-f5b25a15de3a,"403ceb8c-1618-4f3d-93b4-49ecdcbc7ee8",TIMING
"15292e12-4e39-454a-815c-514b26ecf6d1","9a5ca13a-9e56-4568-bd75-2b140d18914a",d2fda3f1-bff8-4f3d-baa0-a48d0347569e,TIMING
"15c79afa-dc48-4a21-85f6-61afa9343fad",e6f776f4-4f8c-4a3a-abdb-c1bd5ba1371b,"04219a9f-37f3-4b81-bdbe-08a2c294aae9",TIMING
"16117492-eaaa-4a31-a238-b4f3f647a888","4fed9866-149e-4313-a2c5-fd673ed0c91c",a5bc7b43-e482-460e-8cfb-99d379dea908,TIMING
"171db26e-d45a-4b4e-9ea8-5046ed5f1c58",e9259d4d-de30-4946-a45d-c2e68356e9a1,"42c742cf-c98a-4040-9519-6b232c07f0ba",TIMING
"17761102-9458-422d-83f4-9915eb4d1637","0aa5ea7b-823e-4597-aded-24a853c529a9",f49a6d01-72e0-4e52-8020-447897f995c7,TIMING
"17fa1254-53b1-4b12-b72d-58e881a638f0","5e8d19bd-4785-4c58-a2fe-099e239efd27","14f52f1f-f906-4f3a-8d6b-27560c3d10be",TIMING
"18142c16-40e2-4a3a-8277-8e1a75aa574c","3012ad9f-d43e-4e09-b92c-ebbdbbc0e1b4",bb4c0aee-8622-4bf5-b017-212690e4798e,TIMING
"1886c434-c567-4cba-a6ec-cd93c4663cc8","61d07582-21b4-4320-86cb-3ccad492a992","9641d6bc-2441-415b-b74c-046e51850825",TIMING
"18a0f14c-9acf-4d17-a95f-e96dd33d7a42","3db16833-08bc-41f0-a071-840165b9ebc8","04378e93-0f5a-46f0-97f2-04112abc057a",TIMING
"1981e4d0-cdb4-449a-ad01-4873b4935556",b356affb-7311-4332-a59f-f1453b08b053,"2c53b746-cdb1-45a8-b975-9f139bc44c8b",TIMING
"19a058cf-a627-45e8-9a4f-0035da885967","22cb197f-2c15-422b-a7ca-3f8f6f2df709",c785ce32-6719-46a7-9957-12c077a00cab,TIMING
"1a4663d0-9550-47f4-96cf-c3aae186ef1c","68af59df-cef6-48c3-acef-435d58683afe",deb25cb8-c6e2-4388-b4b2-9b9278ff8746,TIMING
"1a8c0422-e63b-4ea0-bb08-912ff714acf6","71c6d875-270a-4a41-a415-05b69eb187ea","05bf8418-2055-4fc4-a9eb-6bbae4674fc6",TIMING
"1aa0e369-6285-46fb-84d9-8c1baf4199a0","17e47cb5-dadf-4cb1-8650-780af3d77782","2ae64c44-b502-4e3e-ba3d-cfcaf450725b",TIMING
"1b441c62-5018-471b-929f-bb3f93dd752a",bedbf19d-4f98-4c02-b4ea-5614f6547814,d3af0b06-f520-4b9e-b573-ff6c9bbbe223,TIMING
"1b651e39-79a8-4fed-b0ff-2b1f4e2f915e","01ca4fa8-110a-4228-a6a2-ececdff7af0e","832d79f9-a3e7-458f-98d9-5c5374eac14e",TIMING
"1ba68f94-7229-46d6-b9e8-2b043c79eb30","1df45a45-7446-4d3a-bf42-6241031c27ca","93c7eab1-a988-4dd8-9b01-72cb91863aad",TIMING
"1d0ee4bb-6d56-49d3-9f5d-e705d60d0661","0f970be4-6a9e-47ca-862d-6c191491e4ee","9ac472ce-8c04-410f-9a2c-95ad51769315",TIMING
"1d217e85-cfd3-4b20-8443-b687e2890231","16e2dd6c-eec1-47da-861c-cfe789fb4d94","09c84dcb-f74a-4fcc-9a6d-94173818e052",TIMING
"1d94bd2c-c313-422f-94bf-775117660edf",f610f4a0-378e-4d8a-901c-d274a84b67da,"65f932a8-f7cd-4cb3-9bf6-a06b7e47ef0c",TIMING
"1ddafe45-798c-453c-8166-f1080ce89da8","430110e8-c013-4c3e-944b-44853f828381","5c85fa20-03d2-486a-ba0e-d3f1e32633b7",TIMING
"1e0a2bc9-a940-4664-9a21-38ff75a20a9a","66a4903e-5c16-4b4a-8bd9-85b9b9000302",f9bb8e09-4395-4440-a1e5-383e5e7a0b8c,TIMING
"1e3b39f1-03fb-4e02-b610-504f79798a38",cc76b584-5a5a-4590-9dfe-92fa52f57e3d,b7eecc1e-81ec-42c1-b007-2b8455c2eccb,TIMING
"1fb60bfc-cc9b-4b35-a04d-d6d910307e1d","0cf9ff13-70b5-4f30-9c76-2926b8ea397a",fc3316d4-543a-456a-80ea-bf22cc2d60bb,TIMING
"2196fb72-97a0-4a01-a8f8-30284bfaabf7","572555d3-dc76-403c-b979-6ae786a87e5f",c65e2b1b-1649-414f-986f-b321f9fc231b,TIMING
"220d621f-58a7-4ffb-8995-5a78b7d0283d","4d0a44e0-05e8-4b7e-afa6-c483c1fa1ce7","60343284-445d-4bad-9d43-6169aaa4547f",TIMING
"22682f8c-86f3-4331-9162-c41bfbb75f6a","8e30c31b-eed7-4b07-a723-5c31addaa408","3db2e7c6-5a28-4a11-abf8-a16454cb10ff",TIMING
"22b1d0b0-2601-4dc8-a69f-ee7cf2ed7c73","214b987c-89f2-46d1-8b73-a88e862d1b59",c847f215-6583-406c-9fb4-da94d615364d,TIMING
"2340a471-a915-4a78-82ca-967e7fd65ab1",e284db09-5c0c-46bf-9bb9-a6284732a03f,"6906abc1-73ab-4e2e-b010-ce7fee1008e9",TIMING
"237922ab-82c6-424b-99ca-1061897af21c","0567e160-df1c-491b-a433-6350338a247c","935f2529-8185-44fa-bec5-f56cd0dec0ae",TIMING
"23866887-bcce-40cc-a829-9a5e45e1914c","367bbdb3-9d71-4a36-a257-de50325a9399","298a8a75-9883-4baa-a01e-d3a13bfdee87",TIMING
"23de14b3-c44f-4f42-b717-3d6c3f0f610e",bff8424e-b8bf-4000-a7d1-4410f72830db,"0835ae7e-2024-43af-aa0c-30c6c281c498",TIMING
"244ea766-77b1-4141-a2e3-cafe9db45965",ccd29d7c-82e2-4d72-ae56-33710a1ae218,e852908e-e890-4757-a458-0583f53a828f,TIMING
"2570aff8-1637-4361-be8a-27de35b2f694",ac11da26-5bc5-4eba-b653-2dcd18e05b60,"01b4fcdf-3e83-40b1-b211-17268ff437ff",TIMING
"2582b6e1-5e53-45da-925d-1a787b995204",bcec4a0f-2ba4-4ea0-b89c-c39df75f0225,"032e4128-f427-4e74-ab42-e417f4c10e30",TIMING
"272a2415-8549-4307-89e7-922190f8342a",a3d49ffb-d62a-4e3e-acd1-b07313c2595c,b9f1ef7f-f5fe-4f4e-91fe-c6a9d22c9570,TIMING
"27c36ec6-6865-435f-8dc3-2c0a5eab2e72","4e027ef8-37ab-4647-96d6-55a31e4c2e38","6bbde3f1-b489-47ff-9ffc-391fde1d16e2",TIMING
"28596d7b-bc6b-49fc-b13f-c380fdbc11dc","56db9a90-c4bf-4fda-beac-c6f92667c9e1",f592d0ec-3e75-4736-889e-7b3cc278305c,TIMING
"285ebd10-03fb-435a-af02-2bda32c00cf2","00849251-adad-497d-bd3e-d27a3b974ea4","0541fa7f-c2f5-4d93-a86a-a6ae857d06bc",TIMING
"28bce666-cb30-420e-bd90-3bd738591474",be2ab395-129d-4d4f-af4b-1f094ddd4a7e,b730e7fd-dc58-4ec5-9d75-760dbdc4ad1f,TIMING
"28ecf189-587b-44d2-89a8-ed0038f8dd9b","848a8c5e-7c3c-489d-9fc1-01944d2e78cb","4bf6f949-cf26-4e4f-bdf9-2a085af80d06",TIMING
"29061b34-e2ff-42bb-afa3-f1d5fec24bbe","808e8795-5472-4c90-af18-2446b75cda48","9e382421-f3d0-483f-9d63-920184fe7dd9",TIMING
"29e93a1b-5a3c-4bcc-9f37-f9306ef60b78","63f31b7e-b311-495b-9a22-cf9d81d5bca3","496a0e39-9b7e-48ea-a2c9-3b0722135c4f",TIMING
"2a240c6b-7027-4e54-b9e0-f0b91b51a41b","01823c59-8027-46d3-9bee-22ab6901bb8b","9891500b-f482-4105-b1f5-1296cd56202e",TIMING
"2a6ec278-97c9-4171-8e26-980afbce949a","3eda2b00-53c3-4ade-80e1-249dcae9ca6e","129f1f13-3d8d-47c3-885b-a861f9db88a6",TIMING
"2aa6d42f-b028-4004-96a8-0519290bc2f7","3b24cf58-9f77-4f48-bc5e-b0f9f2d9316f","437b7300-c977-4a86-879b-1ae7e82003c3",TIMING
"2b0b0537-98b3-4899-93d0-2a173905dabf",ea4bfa78-1bb3-4b82-96b8-39e0e6b373c2,"9c850436-2952-471b-ad3b-c8ca868e8c7a",TIMING
"2b21ee14-9e73-4859-9989-12c20f8af915",dd52a353-94a3-4bd6-a8b2-50bc77718f77,db086475-c760-43a4-8cd6-0d9cc72d9eed,TIMING
"2b2f4ca0-382a-4897-aca5-81519fcbef07","42678a03-3a2e-4eb5-8dd2-24877cc5220c","66237aa4-516c-4b10-9c54-358f6ae3b084",TIMING
"2bddb710-7615-4e23-ade2-58ae2ba831a8","16c08af1-2526-4d8d-b939-5bb8d45823ad",a6ebc465-7a16-45f8-a1fc-43c184b33e75,TIMING
"2bfb71f7-7480-4cc7-aa19-79628325f7f6","8709adfc-0ede-41d1-b917-1ba67394cff7","23fcfbfe-7381-4db7-83c9-ebea1340fd60",TIMING
"2c031c28-9adc-4443-a579-6ae2c6d61315","55c2f16f-32cc-45ee-b8b6-62c79fd87028",fdab0e9e-db67-4ec2-b629-9d089af5bf62,TIMING
"2c7d2888-85d6-44f8-ab2f-23ac45f81854","5578ef28-b9ab-4055-87d2-b38bf5693ae3","2efa94c3-ff33-4c75-9f27-b88df90111bc",TIMING
"2c82b7ec-d73f-47bb-9126-ab95d8bdcb4a","25eabedc-9b98-4ab0-952d-523602db4e4f",c74890bc-f109-4707-9eb7-a5e272d981c1,TIMING
"2d3725e5-dd17-4b3e-b654-cf5bf1946241","7926fc79-3c7a-48df-ae47-e2560b156483",b4406960-061e-43cc-89ef-ee1967460117,TIMING
"2d5b88e2-7f5c-4821-a64c-ee0cf4924a94","95912615-ce39-4400-9448-72fa97be0b43","602327b0-734c-4aac-a417-c26735bcb128",TIMING
"2d860631-2ebd-4ff5-93f7-d870f2102e87","8bd32f67-59b7-42c0-8c1a-d104524b931f","55279a53-f687-4b47-9329-a99ee9be8427",TIMING
"2dc10c7c-8a65-4d1a-aad1-1a624cf1d5f9","3114acc6-4177-4819-b76c-921fd634e027",f3aa0812-5e10-46d5-94d3-8c8307d65f10,TIMING
"2dc9d2e2-b855-4f57-bebf-c6f023086b96","2c953ae6-045e-4973-ad0c-f33799fedf00","850e8a73-d5ac-4eac-9b79-227325fff28c",TIMING
"2dee4048-851e-453e-81c6-f2610199d95e","5815414a-bd21-4799-a42b-bcc78362ecc6","0b7cf219-3fa9-4b3f-90ff-191e6e12af6b",TIMING
"2e2e3e02-4774-4db8-8c7a-1b4181f3dd34","91837cbb-ebcd-4f9e-a6fd-d79d60ff8c03",c27cb553-9f70-40bd-84a8-8b626a131c79,TIMING
"2e3f7efb-780a-4940-863f-5e2c3010c522","8374e164-a410-4eef-b3a6-56e14570fcc0",dcc00295-e804-47f7-a2d3-da4c12c1d19c,TIMING
"2f9fbc64-aab8-44f4-954f-98b865091ccd","86b3a047-567b-420a-ba5f-72fc26843ddc","065b5514-8845-454c-9761-d06aeb03d61f",TIMING
"30746249-e7b0-4c0a-b0ad-89cc28f0190e","71cb10e1-fddf-4047-b50b-c48e6e8a4324","8969e536-3670-4570-9d83-fc66bdab4af3",TIMING
"30bebb3b-b575-450e-8b72-e6958b7a755a","080cd452-5bf3-4f53-a916-10c3d1bdf43d","2935a63d-8c20-4dc8-a6da-31fff992c1d6",TIMING
"3140d3b3-1ff1-4bb0-8b1c-9695acdc1423","43389408-377c-4118-9b48-05254dd7e5f2","8185cb5c-a2fa-4184-8942-8abc1c6e195a",TIMING
"318f7cad-9075-47f8-8bad-4630819da9b5",faad8d19-06ab-463b-ae8f-016c4583d150,"491dedbb-f49b-42fb-b65d-2fbf26e1f969",TIMING
"3200d715-39be-4104-8545-68f129ee06e6",d94f7e5b-74e0-4480-946a-3db0e5551d16,"7277888d-8a3c-4474-9caf-979243485217",TIMING
"322c57d9-3f68-40f9-8d8e-fdb0c965fea4",cb5205ac-942f-4ba8-a88c-c568a26a240f,"541f8630-5be1-4888-b203-acacdfce8932",TIMING
"32dea604-b6a3-4966-a794-4d6e7d70fbf4","239fed26-08bd-4d94-a990-4a82a24f9416","1b728b85-1b0f-4045-83ff-127f46eb63e1",TIMING
"335153a2-441c-483f-94c8-5b93336afb34",e38ab14f-a03e-4917-97a0-826286af9449,a667261a-5c5d-4424-8fab-7aab3a17e07d,TIMING
"33c6b914-03e6-457e-b130-632de8637d46","88420f41-9756-44b0-aa6e-252517473c08",a6dcd643-1f37-496d-a03a-613bd4a9299a,TIMING
"33d961e1-ba29-4062-81da-10d36cf4a225","61d61a03-4aae-4bcb-a822-94675808e051",e0741e54-1cf2-4294-be5e-080cfcbbc1d6,TIMING
"354cf591-3f80-4147-9b49-326a468173c9","4340772c-187b-4a04-9818-b88ba6002fb7",f09054f7-6150-48ee-b158-aad1afe9706a,TIMING
"3585ff31-369c-4f5f-a919-915991956b07","6b4e93ce-562b-43a8-aefe-eda2a1a6fce6",d978c7e4-5248-4fb2-8c68-1609ee1d1ddb,TIMING
"359af8cd-1671-4d90-97be-44458b20698b","2f331368-207f-4f5d-846f-1ccb23a250f5","8ba310b2-2858-4e5b-8bbf-121a5cb2b0ef",TIMING
"363e9efd-51d7-41d1-abbd-5f4d917cc2ec",d0119559-dc68-40ad-b951-700556088178,"5171e4f9-4f8f-4f5c-83f3-84e46ee224dd",TIMING
"374f1e20-d40e-4d08-ace6-0813d1c2081c","768bb8fd-320f-48b5-a93a-54d354dfd977","58517148-fe3f-4ce4-b288-4bb5e528d005",TIMING
"376d75f5-e25c-4833-a4ba-2889feae68b1","6073442d-f37b-4a63-96b9-9b7bcb784213","2460b101-ed3e-4792-8f12-988ad193adcc",TIMING
"37c2c2e5-1b1d-4584-848d-762e60c837d8",fad983ed-438b-4487-abb5-8cce2afc3082,ab826486-6d4f-46e3-91fc-072e156d1683,TIMING
"37f7dd46-7b20-462a-97ec-5b03a8677305","6688132a-771f-4cb6-8b6e-edf8c96e0b64",a8e84880-fe71-4f6b-bfbb-3d8ba4841e76,TIMING
"382a6355-c774-42f6-a170-375a5151d4ce",e8c19c78-9363-4428-bd27-275652eec1f0,d032ce86-fd84-484c-affc-a53ebe1c44bd,TIMING
"38497eb4-b650-4592-ad91-70c11dca7a8a",daf147ef-cbbd-4a7c-9307-cf0e5ed89089,"0b4a0717-3a53-432b-815b-98c8a735086c",TIMING
"3889dc26-f9bc-42fe-aee7-c1f0d7aca04d","3fd2a234-9ac6-4267-8724-73963a57a235","30ecab97-6be0-41cb-b7f1-a87c1b09a351",TIMING
"39cacdc7-7ead-4aa7-8759-1a62ca9c66cb",d9d1bf5c-b789-458f-8ef0-5dde70222b28,"3dce5503-b09b-4f2d-a4fb-7e00af30dfee",TIMING
"39f7727e-8d1e-46ea-bea2-8b74bbb5a3eb",a1299197-a0cb-41cc-ae56-dc3731672227,"0abd0673-2eaf-4d97-8720-78dd537fbf32",TIMING
"3cc245af-9682-447f-8bb5-81f10cec208f",da06115f-776a-46ce-a7a7-6564f26485d3,"9c55b728-6166-460e-a712-6d8e2245a78f",TIMING
"3d72d538-1da0-43dc-976d-633a68f0c230","1aa602e7-bb45-4f2a-a253-1214bd477d4c","5ba1c76a-48f6-4232-9ba7-c8f37c8dd717",TIMING
"3da00dc5-7365-4cd3-b39b-21264c28f8b6","19b6efaf-97c0-486a-bed2-97aaa3afea55","59c5accc-9f56-491d-ac0e-d6a910fb3cbf",TIMING
"3dbb2cf0-5082-4b20-a431-c60aa6e181b2","78af6178-a320-4522-aa8e-6a6fe52b2655","493295af-b398-4025-80bf-74df7469c085",TIMING
"3e3160f4-3786-4249-885b-a0c1b4b6fc9f",ff5da786-2664-4d61-a059-3277a3cd3378,"023b7b16-9a46-43bd-9313-8a94f4ca705f",TIMING
"4020bf44-14a0-4447-8bdd-6eac08c7386f","9aac6978-6527-434b-9cfe-cf360c3c7c23","87366385-d0c4-4199-ab8e-0b682a7ecbc9",TIMING
"40a3f27c-da05-4b3d-80e7-39445ad3f850",b04686df-fa55-4557-870e-4e08cf6e7af3,d530e25e-fcec-4ebb-b37f-212c944812e3,TIMING
"40d351e7-60ce-4929-bf88-df603dd4e0d3","299cc3b8-eb1c-4913-b106-2cbb0959c2a2",eb63f836-db35-4e20-a3b4-938d28bd79b3,TIMING
"419281c4-6063-4a9d-a1d8-d60dfe41a3b4",d831047a-4b0c-4fbc-83ab-4515e3607d5e,e736b627-cc45-46e1-969d-89e09ffd4e67,TIMING
"41f1c8ac-7df9-4c72-93fa-87db397b35b8","3c44ffec-e890-4808-8d5e-3e12e7eac9e6","6fb9884d-5497-4d61-b31a-41a76138b453",TIMING
"4228d638-d21c-4a9a-b6fd-d4e6206cc138",b83db017-9438-4e49-b406-2fcca2aedd68,"189955cb-2502-41cb-a9f6-bd33a5a0a24d",TIMING
"422a12fb-a8a6-464a-90ad-d4343fb6d674","4d265fa8-30e8-4786-9913-488259f95686","7e5a0c8f-f12d-45e0-a675-3e1439be0c38",TIMING
"44003dd9-ea27-4173-b953-22544567fd80","9e439ff2-7141-4a24-8c7d-2f5ef91d8e08","197a73cd-fea9-4b1c-a984-7c163002fdfa",TIMING
"4507b25f-81a9-40d4-b7d3-a68758532c7c","9e0b9e23-79e0-472e-a23a-896303d6019f",d6da6364-64d3-4c6e-92c7-f956925c903f,TIMING
"462d5152-f528-4e78-bba1-53531963aaaa","5311d2e0-b326-4817-b6a3-e1ed38e8bf17","5c552770-71f1-495c-8755-b383cca7c272",TIMING
"46a4fa0a-1b06-494d-8a2c-4ca79afbedc2","42f4c7c0-43ef-4ee8-b029-03aeadd5e0f4","6573a0ea-4380-4a9e-9d4a-0d349dc61d74",TIMING
"46c63d9e-1c64-4c1b-8538-b4dcb3208ed7","27edeb0e-0858-4b48-a797-e3eb0426a8a3",a1d2b7f2-f406-450d-a408-5bbbd4d11471,TIMING
"47157169-acbc-4e8a-b73d-4efad82dced0",c3a6086b-b8fe-4197-838a-062020a388f8,"050ff51f-7b58-42d5-bebe-3dccd9bacaf0",TIMING
"473e459c-5acb-442e-b4b6-130d3f96eb83",b575f5a6-1e44-424f-b66f-38bc9e45db59,bc464c20-f830-4e34-a476-8f4e9105bd8c,TIMING
"47573428-1689-40de-bec7-56982bd47c1a","5ed07f76-b8a4-4469-b984-fd82d1794bf8","0793294f-c539-4ddd-a53d-770aed24af7e",TIMING
"48bc5b32-7267-4dbd-aa9a-53a77141fb78",e3db9422-731b-4702-b98a-61f7a636a4e3,b9f95329-3883-4ee1-b747-64d9207270dd,TIMING
"49235c08-144f-4a3f-815c-f36d8707948e",bd42c80a-caa9-43a0-b23f-4c5bec28ec37,"1a11c16a-80c2-48c1-8429-e80994baff7e",TIMING
"4937c0bf-6c74-433b-a6e1-a5a9fc6ec529",f6e9b4aa-f26e-4c37-bb58-bbb778f164e8,"45caf3b2-767f-43b6-8f59-c0c79a391874",TIMING
"4ac42b88-7434-48c7-9ff6-b1b763a4dd45","276841d2-0958-4874-abb7-9f490924985d",f0ec1292-f91c-4298-aeb3-8bd18fb088bc,TIMING
"4acd1c27-2dda-484b-8936-a2db5a6d946a","842d7727-9db0-4d56-9158-49b180df159c",fefae8b3-858c-41bb-8c7c-b520cd6a1b75,TIMING
"4b1b3d1a-2838-48c9-a9c8-b16505a2d771",fed0acaf-d921-4ee1-9860-50793d7e137d,ff1c43b6-0328-4f83-b292-99da018a534e,TIMING
"4c15ca9b-e3eb-464e-b7dc-4e9b43f35656","1260a6c9-f683-4877-8599-14523d0a3efd","38836cf1-ee3a-438c-ae2f-1978d8d08551",TIMING
"4cba837d-bb39-4fb8-a93f-5237bb8c4eb3",e8f1a875-d167-4770-a126-c6b13975714a,"5fbcf17f-5f05-4d52-9a3f-4058780f37f5",TIMING
"4d1229fd-9979-4c3c-b964-c3c57e552301","9f351895-1f93-47a4-911d-4ce512e12246","3ae0dbc8-e2d7-4b70-9207-5024563f69f3",TIMING
"4d2a7cf5-4166-47bd-acff-19e6abd111af",cce69524-31ce-4032-8e79-7964be51c983,b9f24807-a4ee-4e79-aa79-497e2ffa6f25,TIMING
"4dcbc4bc-d8a9-4b24-9ef4-fcd38999ff10","1e952f57-88e1-4a30-a213-43c484fad023","7a3b2a58-c209-4255-be05-beaad5ae6f7e",TIMING
"5171ea94-6663-4996-b99b-a57bcd48e897","04f087b8-baee-4203-b408-6ed6dcaeb6ef",bff21565-93ae-41b6-ab36-8a65beb835eb,TIMING
"5174e8fb-aac8-4e07-bdaa-3b58593c6bd0","60ddaa9e-6cb5-45ce-99a3-4de775af22ad","2f645f65-9ecf-4aeb-9c85-24a107f19abd",TIMING
"518a3456-5d70-4ffa-8a82-44209a170a2d",cddb8a18-e458-4f4f-9f09-e7184e5578f0,"030c607d-255d-4d9a-b6b5-23e5c193648b",TIMING
"519fd3b4-99e2-425c-8815-5828cf85ee70","60125767-53a0-4f37-931d-b86c95230b6d","93dcbbbb-82f5-479d-801c-f98fb4e8452a",TIMING
"51c5489c-5173-4faa-82ca-6326f273055c","6115488a-31c9-44fc-9316-0d76c9319a7e","644a51b5-14ba-4570-a5e6-fc25653d421d",TIMING
"52186d0d-83cc-4660-9762-f128b1276c51",fb8a6127-32c8-4c16-9daa-0bb08e87701e,ffe1a818-d91b-49e3-9eca-6e572836268b,TIMING
"522b78fe-68ed-4dde-ad1d-2f65806e6c4b","8a0cdd38-f11c-400c-b647-e55215081f12","5e8f9220-ba49-4712-beda-a30eee8c52d2",TIMING
"52dcb7a9-a529-4b2c-a90b-44841de54568","696f7ae9-e252-49b9-b77d-5847958c42cf",d7bc0724-2dd9-490e-aab7-5cc244754662,TIMING
"53b41207-1c1b-4ebe-a7e7-b2db450cece3","463c29d5-5e48-40f5-ac56-761936c82e2f",f7194a5b-ddb6-4566-a4f8-26dfba78c1d5,TIMING
"53fa8213-1f9c-4bfd-a948-7c34e95e358b","6a5ad0e4-4efa-40b4-b3c2-341b16ac9db1","8a2b4f94-8a27-4821-8d78-62d67e260108",TIMING
"54284854-7f37-40f5-9ae2-843e10bed708",c86b9b6a-a9dd-45e9-a3e5-93423e82561a,"1a6fefce-52fa-4e3a-a606-703c939087a3",TIMING
"55d95931-1440-4427-a9a1-299552d926ac",a8c1673c-5cfa-4357-bd7c-d2ba793b346c,"0412f7c9-4690-4c42-8c21-6056534766ae",TIMING
"55ec1144-a13a-4e08-bb0c-9d1c33ae74f4","612539ab-6c2c-4c17-a27e-d83d6de2b6a0",c4a37ee5-8906-4a76-8f88-65e05e2ef770,TIMING
"55f6c44b-94be-44dc-acb4-42ee98f8e0e0","8ef2edb7-dbaa-4844-a941-92d9a420e064",b6cb8633-b050-487d-b0d4-9a88f2b18a63,TIMING
"568a46d5-749b-4cf0-bae2-f1fd47a7600b",f940bab7-ed08-428c-957c-7880abeda0e7,"38c079a7-c4d6-4a5e-af5a-24c8c0c7c97e",TIMING
"56b2a77a-3e20-4c46-a25f-27d0357cd2da",ee9abb93-d6fc-4917-8ec5-47bc28d01942,d9f39f3b-8dcd-40cf-b998-d5c29eda409f,TIMING
"56b4a986-818c-48ae-86c1-8fcdf52af28e","6d589835-fbaa-4440-afcd-f812bdbcbd17","3298a003-1332-4adc-bd28-2ada90a12e56",TIMING
"57acd7c8-6e34-4b69-b1e5-f8ff98ef0b5c","71866b59-5b1b-48ba-8853-703cd9c66900",d8a89085-7e83-4479-ae8b-9d3d8269fadb,TIMING
"57c05e65-be45-4173-83c1-9caed27c5023",c2dbbfdf-d023-40f7-8a52-fe605dbd97bd,a3d0c000-e046-4fdc-9e2d-4def516749a4,TIMING
"595953f1-3a5d-4a74-98cb-5a36dd1f111d",b49dafaf-9115-480a-a125-2e469ea3732a,"9609544e-b1a9-469c-8a9d-c2262779ea6d",TIMING
"59e8a163-5f3c-4089-b820-61d6cfd1bbf5",b27e4f9d-9df0-43ed-b221-9003cecc931e,"1a88c9a2-1950-43f7-b325-b7846fcc1229",TIMING
"59f52248-a617-41a3-816b-85142680a999",fcfb3e12-80d9-49c0-bc0e-5d18b63d0e7c,feab8618-ea23-4448-9381-7fe71f55408d,TIMING
"5ae995d9-b74e-4566-99cb-205603cb44f8","090e13ac-f32f-4cd5-942d-7b9ee20caa2a","6c65efc0-6ed2-49c0-8204-145c2e2d8b44",TIMING
"5b183f29-584b-483d-ab6c-9cd4c454194a",a435f75f-abcb-4992-b54a-3755b52251c3,"67109ee1-b52e-4523-8bf5-9e332cd8f5df",TIMING
"5b2578f7-8138-4941-a160-0fef13765ce7","496d6f07-e9d9-4193-8db9-5e60b6c39046","78d4ae49-93b2-4fa3-b401-a721025ad5cd",TIMING
"5b2b1edb-0444-44ff-a3a6-f0920f87dbcd",f4914481-9e1b-4a85-a9d7-ce33800d29b8,"4b055546-e8b0-48c0-bb53-1c4e89905503",TIMING
"5c5f38bd-2d3b-4d40-b97f-c21acb1c2493",dd873ad6-f96d-4b1b-9ed8-5b4a8e9783c8,"3500ba93-d8f9-4a20-8e7a-95dbf55456aa",TIMING
"5d0843e5-d3af-41df-91ad-2b98588fc423","9a480418-86ac-4b35-90ff-64b52284a19d","7be0d766-844e-40b7-8f82-3ce8bbd8c86c",TIMING
"5d1f2711-7eca-4399-a95b-9919b89eea4b",c7238976-f627-424e-a2fb-9da670060d1c,"4dc86db8-38cb-402f-aca1-303cfa014d58",TIMING
"5d402e3a-e57d-4137-8f81-441b69a6dbaf","597ea365-ddac-44f6-a4fa-5c09f31d4b62","2ded8aea-74c0-4f67-97b7-78dd2ee6a934",TIMING
"5d789928-d876-431d-a0c6-5158e65c87a4","9fe3f636-9332-4a1b-b692-9c428963f56d",d36f0814-930e-44af-bc39-c9b26f27de62,TIMING
"5db71ba4-ebf3-4777-969b-663383567fce","52335991-8138-4c05-913f-0d9ffe3f124d",ddb6ff44-f341-4f31-8b6b-5e420c01fd25,TIMING
"5dbbfae3-ef47-49bd-8ced-1d2d5a382c72","25811a92-963f-4a40-8883-91829b0b0e48",de4ffc69-b413-423e-a7d5-34cca71bae07,TIMING
"5ea3c0f1-6ede-46de-9e52-2ef50edbb3e3","75f888e7-b99a-4cf9-96a6-27622efb2595","1be73e7b-53ce-4b84-98eb-9f8d957d63c5",TIMING
"5f224637-7735-4c9f-ba9c-7888cc58832c","03351483-f802-46b4-ae91-73317cfc2415","6ebd4bf0-e8e4-4d46-b30e-44b48b1feace",TIMING
"5f6701ef-6c1c-4870-8f7f-a59b552b88c7","6d3f17a7-ba13-46e2-a8e4-c0ca52e5a937","449aba55-375e-4250-ade0-9d2701a7ada9",TIMING
"5f9a9de9-cd7a-4485-be6f-743e398bd82c",bf51f97d-2883-4cc5-90f3-fbeff97a6295,"0dc29240-3276-4b63-85c0-a941a9cb9fac",TIMING
"5ff699a1-63ac-48bf-a100-3cd111be7874",faeba19a-2787-44a7-840b-dbef142e2612,a34e9b83-a93b-44f8-be57-f57c7804262b,TIMING
"60101877-169a-4923-942c-933b136fd253","78c4ee49-4f74-4d15-9f20-50d49349de66","4fdc1cc3-8326-4fc7-9c63-7fb4a7c49ed9",TIMING
"6082c1c4-2717-4001-a509-fea3a064261a","3981fda0-36b5-4610-9031-54d8a03fab6b","2d43f4bc-70a8-47bd-b6d4-6039076dace5",TIMING
"60844562-2e50-4d77-aaf9-ef035c12a6eb","1402ae69-1bee-42f6-90f8-0f42c2c37da9",e05fb0cb-47be-4e41-9008-6843300edfdf,TIMING
"618f6b76-8707-49c8-b883-38ea45f26d15","162119b4-d02a-4f1f-af5d-9dd4034c5cd0","9e6549ee-388b-4abb-b8eb-4e3ce92b8234",TIMING
"61aafb1a-5a4e-4e47-82d6-5b25602ee644","69bf3243-25b8-4170-97a3-e04968be5885","6a22ce65-69ac-45c3-b42f-0dd8037a103c",TIMING
"62a7dad0-f034-40cb-b10d-7e5dd91b509a","07f5a8d8-6774-46bf-a224-6dd186bc8e65","6bdee1cb-0d3e-40c6-acbf-0bff398c85df",TIMING
"62d47e5b-9744-4609-9ab9-66b5f39b545b","82c2f05f-9255-43fe-b4f2-c5ce68ce1939",faeaf1b1-ffab-492d-a663-64515560efeb,TIMING
"638a77d2-5e96-4ef0-8f39-5fcf6388e11b",e005882a-c0cd-4eec-b0a9-4be09f1fa9cf,a3f4be81-6609-4062-88a6-95833be80be1,TIMING
"64187adb-508f-4a57-8519-7498b41b217b",b80a5e10-b29b-4c62-88a3-1b81ebb9048d,"8c928c59-77a9-4b54-bfac-0f5405ab3c86",TIMING
"64fe2227-ef16-4c51-a377-f99541bd8b97",a7eb4057-59d1-4a75-94ae-5eda5c5cbbfa,"813466d8-4345-4ce3-8e8a-f68788684331",TIMING
"65009beb-920f-445f-8c9a-a42fdbd14f68",f3476717-2a54-45c8-b3e5-8862147900b2,e551ab99-3dfa-42ce-b93b-3f5c900fd493,TIMING
"65049a99-1349-426e-a0c0-af6a5b289dc7","7f95699f-6a4e-4710-be1b-b26c2fa1cda2",aea189c2-bfab-485a-bf56-f9a8a2f39bc0,TIMING
"655bb30b-4090-4182-be4b-dccb32046fe4",f37e6d4f-3cc7-4366-bcc7-db582d53fe1b,"7e092f21-df46-41b9-b9a6-f8c8c7c3313c",TIMING
"66422c7d-9e4d-4669-9bd5-130432e7d8cf",b73954a0-1469-4a98-9db4-103244cddc57,"5b5489c5-0fba-4bb5-bf27-ad8294c26289",TIMING
"66780539-4f6e-43d3-a221-e7b0becb99dc","32fea392-c6f6-4606-b175-4937415a1d8a",e2a9b4da-2c00-4200-b44c-2a836382dc1e,TIMING
"66dc1df8-b0f7-4b8a-8c5b-ceaa3ad18356","4ecabf1b-568f-424a-b3fb-3132f2c75a04",d26279e9-ccca-424b-83fd-ea9fd75beeb3,TIMING
"67134e0f-93b2-42af-98a8-f344a22aad80","4269aca1-e53d-483e-b273-fb817ea49adf","189f781d-2786-4b79-9338-05f0ad600ff2",TIMING
"676f6c12-b04f-4b56-a1e5-e2f4691f1ee2",b98f0088-2de3-4ec2-9ec2-5748c97eba98,"942a857e-aa30-4510-a701-758e748905f1",TIMING
"679339b1-9462-4f7e-badd-4c1e8f3ee4c4",fa04b6b8-37ad-4772-9225-1c327dbc8ce0,"6e94374e-f68e-4ec4-b82b-5433a4292668",TIMING
"67c16df9-a9e5-4ec6-9e06-8a8ef6fef43a",ba5008aa-d4f6-428f-a8af-d6c724158d4f,"68edee14-c896-4c8a-aa42-0c2232fc47c9",TIMING
"67e693f5-b83d-401c-8271-d56d17c31bc3","86fbd843-9e4d-430a-b9e5-69919ac1aaf8","673e1ef6-4f06-4e87-8ba1-ba1adbc54cf3",TIMING
"680aeeb8-2dbe-4357-a731-a538c3c06176","342f22b5-1ada-4fff-9c92-ebc7f5f02625",e6f04db3-05fd-4962-ada8-d1c2d6ca175d,TIMING
"6828f013-e316-410c-b2cc-6129c5a4382e","21d90918-bebd-4b2e-8c2e-81fdb5b0b64e","23a66cca-f8c4-4e4c-9fe2-2e5d90342134",TIMING
"6847e69e-7dbd-4a7a-97bd-2568afbd40aa",ee2fe8df-e39a-44f0-b6cb-9e23753dfd20,"854cdd2c-c0ca-4399-9e3d-72aff1fbc1ce",TIMING
"68491523-30b3-4297-9901-5951cc6525d5","7fa1532e-0c46-4bf3-97fa-ee7bfcf5a48b",ef905da7-c2aa-4604-b536-c9f77b30e761,TIMING
"684aada8-0960-4acc-b60c-5472d6e588b9","87ea5222-3ed5-48b2-8e3b-c9597d4fb65c",b294e050-9a3e-4fe6-8bdd-d78d38837e43,TIMING
"684c86ed-56f8-4050-8966-a7f0dc3d2e26","25f4b2ff-34e5-4a43-940b-dca41406b85b","722cffdf-6a46-4f7d-8cba-aab0ea20be0b",TIMING
"696532da-84eb-4bee-abe2-273945f8afcf","6da860e8-d5d6-4bc9-a61c-69c51e1ebcb8",bcbb4455-5108-410d-bc54-a2c7e9aba7e1,TIMING
"696cfef1-56cf-44d7-9d5a-24ec49600c5e","2e3fbb81-7b6c-49df-bf8f-b5d60a20f245",b90bdf3c-0989-44af-942c-44febc2dbc89,TIMING
"6a9a4a8a-bc84-4d57-866f-d2583e52dfb1","6db91ebd-6ce7-4a85-bcaa-32550dc0ba72",fd370a4e-fa5e-431a-b026-dbdb83b55d8e,TIMING
"6ad2ec86-43d7-477f-b903-d5e04ba99f64",bb14a239-bb3d-4e79-998d-198f06c00a35,"01748d84-0de0-4178-97d9-cba3bd0ea258",TIMING
"6b1eb17a-3172-4f15-b50f-1e9862fd68b7",b5cbe997-7488-41b8-aea8-c7618d6daa40,e6a20f02-e8cf-4b43-92c9-6c35e4b17b0b,TIMING
"6b274485-1b62-456f-a63f-13848bcef58e",e50d3222-5136-4a2e-8181-4faaf606c4d6,"9d7989cf-84f6-4be3-976f-dcc0b71cbf85",TIMING
"6c18da40-7f0a-4a80-9500-67745f47d01c",f121571e-5502-4643-98cf-643f71c8bc97,"3aedb42b-b470-4dd4-8180-8c428176cca9",TIMING
"6c34e7b8-47aa-4a51-9f50-7bea3cbd2a61",afe8e143-f851-4955-946b-de2f802a3d06,"3f02a1e0-79ff-45a2-99cb-bbf32fddfede",TIMING
"6cce067e-7298-4070-88fb-485fac5fbbcb","8ef53278-b888-4474-b8f2-ab428df3095c",b125102c-4e09-4c64-8df6-54377ef5ae5d,TIMING
"6d539074-c226-42e2-89f1-b79c482581fd","2986a17a-5b4d-4c9c-96f2-91d8a4b0aa10","7f773816-002f-4c19-bfa7-32d915f7e4b7",TIMING
"6d5daf95-b666-46d6-b4e2-9fd5f20a1f70",a561f55f-cc15-4c54-a9fb-a6b79310f574,b7b5b859-3fa3-414e-9b80-09a55852c394,TIMING
"6d7a3320-8ed9-4b4c-8fa9-789bed655181","41a221ce-2ac1-429c-9938-ff68827be9ea","88684a41-fc00-4ae9-8f0b-1622c060fd2d",TIMING
"6d853251-1f5b-48cf-9370-2242123cce04",f96effb0-c041-4822-be59-18066c8fcf15,"76a30bb8-6970-442f-8b6f-1151075bda8c",TIMING
"6dd939a5-2aa1-4857-89f8-780ad5938546","3d6034d2-1644-458e-ae84-f11870660d06","1b16fa1e-fe14-4452-991f-f72600581528",TIMING
"6e9e8957-a501-4e7a-bb28-7723cef7761e","5f8ab44f-b34d-48af-a745-76045cac9e71","8ea1d7f8-f70e-4e13-977f-d8e84d328885",TIMING
"6fa60de3-2edb-471c-8909-7afdc44d0cd6",bc7bcf2c-6c5b-4fcf-826c-396ff4d592e2,"9660b540-d0a6-4f66-9f64-1be753c77521",TIMING
"7014a910-b001-4ed3-affd-9e78eea0aef1","08ff108d-39f7-443b-b97e-df68a95e16ae","0f1b9ab8-aa23-4188-b7a3-75920374120b",TIMING
"7025757f-9733-42d0-9271-ca4061517eea",e013d92c-5817-4ec8-b0c4-c6622c4a5fde,"9fcdc344-115f-4f60-a4f2-849ed0f3e431",TIMING
"70fbe431-ff84-46a2-a431-1e1adef80c25",da838253-1a5c-4560-a49e-07d5f9808bc7,"05185b4c-c6e0-4a3e-a60a-5fdbb73d560e",TIMING
"711a6c05-285a-4536-b532-239e6acb45e1","28a43a50-7d0a-4072-bf96-257f2711bb8b",d39f2aa0-17c3-46d3-b802-7c0b07f0b57a,TIMING
"715f06a1-a13b-4458-b5f7-e9c197824f45","8207d080-885f-4147-ae37-9464402d9078","88476ff3-1a1f-4155-99a9-52547eb565c1",TIMING
"72f56f20-b057-4716-8b45-b7f137f82752","7c1aa82f-b356-4a46-8a7d-9a25d01b5003","1a43b9b1-0be2-4e7b-9cc4-941f9376bb64",TIMING
"7325ad96-0803-47d0-b893-827060d77bb2","58a16782-0804-4954-b6a2-9bcfa7e50fc3","0d8a70d5-f07d-4b26-8e29-884b7b81e4d3",TIMING
"736531a9-1ada-45b0-b8bb-430e8e8ef663",ae7ec1b4-97b7-4ba2-94da-68cb1c950875,"4f5d1532-5573-4df5-9d37-33c6daf9d84f",TIMING
"7481aa75-73a1-49f6-a334-18292b00a428","10d9f520-67c0-4f75-a79f-ff7b7d88dac5","22204bab-53d6-49fa-bbe4-5ecef6cc4c70",TIMING
"74b1676f-528c-455c-9e23-84557c6b9cfd","1201ac45-d80e-48f4-8bc9-e2b2f95e2708",efcf53d1-79d6-40f6-a4f8-f9a08d8d430b,TIMING
"74ed7c34-5286-4d2a-8e5e-e35338c2dd80",a921c39f-3d3c-4cc8-be00-d5e7e2917005,"296ab7f2-a4e8-4744-9a70-2e009191861d",TIMING
"751c867b-4d66-4db6-a8e7-ace744363532","7a6131aa-941a-46fb-a1f1-1972918fea85",b6ba3140-1ed8-4571-8c1b-4c31c9f1f9d7,TIMING
"752d626e-e65b-4505-961a-592990f540a8",cf5a7c76-d40f-479a-bf73-5a57ea769102,f579e55b-369c-44b9-818e-3e99c3e6f3ea,TIMING
"775919b2-663a-4680-bb75-38bebfa574d4",eec97f85-89a2-47a7-b958-a0a9bcd59eba,c8c5731d-ba86-4226-9c0b-40257a3ac5a7,TIMING
"7787aa60-b1c1-4d4e-9bbe-1b757767f579","106a8dfb-db09-4fe8-83d7-5dadc5d0392a","6d0aad06-dbea-4ea5-97c7-5db9c6f040c9",TIMING
"77cb0596-a5fd-4fb5-b362-d6dd16422656","8c7f6011-adad-4304-b3f8-6a98c28f497c",d5b95aa0-fe00-4b8e-989f-69b6dc780db3,TIMING
"784bd813-d859-4617-ae21-4aa6f525696a","911e81fc-74fc-4ae4-af1f-37b3054917f9","4965fe69-3c39-42e7-8d79-289726d5bdc7",TIMING
"7856cbc6-7ae6-49bd-a223-e6b56669fb36","10220ee8-fa68-4fe1-b529-3d38f9468cde",baf2158e-921a-4f1e-a0c3-2a1ff2e453a5,TIMING
"793baa14-91b2-4432-992a-a7690841a2f2","62836965-bba3-4aad-9965-fa6b239fa05d",e7a07fea-c770-455b-b8f5-bc0962f4357b,TIMING
"7a585239-d40e-4f21-beac-c87085a2992c",df4784b0-f7b4-4561-9fd6-1050971a85bc,f77e3950-1d16-453e-90f6-849d58297c50,TIMING
"7a85fc46-c62b-4713-9710-9edab87f4e13","90460edd-aa75-47e1-8d66-bc415e3e563e","5bbf29d5-7010-4dcc-8f0e-780bb55c6c03",TIMING
"7a8b9d0b-6de5-4b10-ac32-8b554510dacf",f7810369-114a-4be9-ae02-4a48bc205357,"846148f3-efaf-41d4-918d-8d3d67c942ad",TIMING
"7b74fb03-a1bd-481b-bb68-5b8090d97124","5b62a3b6-4238-477b-b8c9-4f2b67ae225a","935886e4-ef3a-4add-b2b5-ef2733212b25",TIMING
"7b75061b-4735-45c0-a300-71f7b52f96c2","203599d2-2b22-4315-ae70-435e727314aa","6b6fb056-84b7-41df-97a5-c016b59da7bd",TIMING
"7b91e6f1-2ee7-4fdd-9707-6741a96561eb",d674d083-792d-4402-8182-56cde0d96dd9,acba5c06-70b3-4572-b4ed-87c1a747044f,TIMING
"7c8c3d94-d2a4-465b-a609-b00f635d1af6","20c1bf51-8e87-4e90-a6b5-d36c6aa5a00f",d0115405-0af9-45fa-8612-8af91361f328,TIMING
"7cec21c6-5078-480c-b55f-0a58c37e1fcb","7e5cce04-8332-4864-9be7-9ebf13f898ed",d5be55e4-92dc-4521-82e5-bf85aea02556,TIMING
"7d127671-02b0-43e9-aff8-d4781b2b1410",f566cfcb-a26d-4325-9684-5aa2d9e98349,"5a8a3897-d735-4858-a957-972573996983",TIMING
"7dc43093-52a4-47ce-bc19-f9309446f60c",c244b57f-b51a-4682-902b-c02aa6456fea,"60f9c2ab-938d-477b-b96d-2be0db472455",TIMING
"7f889404-c296-464d-803a-4f5e9551dc95","4aca23e9-24ba-4a53-82e1-de5a5195b8c1",dedab691-041e-4166-9821-2272611f1e5f,TIMING
"7fd590e7-9849-43e2-aeee-92df9a3d8519","310a3416-2667-43bc-8b21-7431937860d9","052e5606-87d6-4694-a64b-93feaa1f0029",TIMING
"809f6291-12ac-4a9b-bc79-4c7b559235ae",e4969087-e854-41ee-a57c-7d7993a8d452,"546e3715-084a-4ffb-99b1-68b79d002be0",TIMING
"80a6aa0c-921b-41da-8f01-5a71a896ad7c","2537bee6-ec67-4b45-b45d-ec042c530c04","7e2ee32b-e25d-4570-b525-ac6083aefe4d",TIMING
"825f3a60-5fc1-4f95-91ee-81ed7a38b532","7a9b1e77-a3cd-476f-9ef7-dc6fb76fe964",ea17c78f-382b-4f8c-b9c5-01112eda7765,TIMING
"8277473a-199c-4d23-ad68-a324a1332328","381c0d55-dfce-4e29-b918-de91f040b753",f9c5025d-c199-401a-bd17-fc2797f4502a,TIMING
"82839528-de2e-4632-a600-f3bb3d31cb14",df081e19-a5e4-475c-b3c3-c73a74ab637d,a24d58dc-024f-48b3-bb97-c4f6a36a62e0,TIMING
"854a99d3-cf87-4a6f-8ab0-7007ed194775",d3dc47e3-3a86-4c60-ae94-84ac9807edb2,"85fac652-9efa-401f-9e42-f46af429c068",TIMING
"8599aa3a-c0e1-4742-8fa2-56e21ce9316b","5a59a335-f699-415a-96e3-92dc7e2488ca",e6cd2783-c2b7-4147-a8d1-89a71ca9a8ad,TIMING
"8611c684-8f92-4444-aa44-8d28d81d3861","29d59fe6-2b71-4769-bdb4-9bcd74f6c77c","5918551a-3aae-48ca-9b53-0ac635abd714",TIMING
"86a0ca2c-9217-49cf-985b-a3ba183a0085","61ca3aa7-b776-4d3a-a293-15f17b7280e4",a1671ea8-1504-4c6c-826e-de581ba2ac39,TIMING
"8703a504-1311-40c5-b274-81bd65346ced",e0458ad1-70b4-4c39-b147-f53d72c492bd,"82700979-bc56-49eb-a5a2-f62589e1cfc8",TIMING
"8722ed2e-ac08-48e1-80c8-9e67a7adc23c",e4d92bad-da34-4e54-a82b-b82c15ea016c,"9d30821e-b82c-4ee2-a21c-f554fad33eca",TIMING
"87b2cd95-81be-455a-8f4a-c9a962c0b669",e721680f-b788-4546-8dcc-793a611dc674,"86e5980f-5eee-4b20-9a82-035807285896",TIMING
"8868b190-6714-4dad-852a-2690b475593c","31e9b28e-f2f1-4df0-b583-cffd5bda6adc",b215a98f-1065-488c-b926-ddf10620c180,TIMING
"88d867cc-9fdd-4d04-8ccb-d5d975f8a297","45e3e8ab-bd59-44c6-8da7-648fddc1f850",f04a64d2-3634-44c9-9d1c-ca8f20579f80,TIMING
"89288600-2ce0-4380-89cc-0c5f61e18f1d","5eef2802-6069-4f62-b1bc-d5e733900c95",b4af3c86-94c1-4e88-9448-0c37f310282a,TIMING
"894fcffb-080b-4d03-8fcf-cf8802692933","7a6301ea-8187-4e29-9dee-6223de6900a0","4c3d82da-786d-48ea-9be6-0145e9ad606a",TIMING
"89d029f2-f34a-4511-bffc-76f645f14d4b","51adaab7-5cc3-4c6c-9799-b2a1b2f823ff","67a94bdd-71fd-40ff-bc53-35dae509195e",TIMING
"89dfe8b0-b5f0-4f37-abb4-e05aaedf8893","1888e188-49f3-47df-bc79-f1b1cb2dbd0c","21921e25-8169-495d-b5a2-05bda9796e15",TIMING
"8abf304f-c6c1-4c40-b593-83ceb733c502",ccde1fc6-c4b1-47f8-bfba-f68f3a5fb748,"889fb3a2-a13d-4628-b764-e3b29c39c27d",TIMING
"8b4a34dc-a816-4b9e-96f4-3c6211e6b478",b29e9fd6-c83d-4a48-a6a2-a24d9822e6d2,"7314c625-3868-4c11-b6d0-874dbdc5f78a",TIMING
"8d175c72-f1e6-421c-ae12-b40e64a4a544","8dcb3cb3-62d2-49cb-ab8b-e930a3bf19f4","99096fd5-4a8e-4c6d-99ac-71cfcbefb89b",TIMING
"8d35fd0d-1bd1-45e9-a082-6b5607ba14e2",f67de9f0-8d89-492e-8d99-a416e8f6d19f,a221c880-1549-428d-a173-669aa7d05b92,TIMING
"8d371af8-3ed0-4b01-9e88-f39c5935503b","29a8f5ec-7fc3-458f-b388-a60ef6fedd3d","3b011595-1abe-4d4e-a12f-49fdfc850b34",TIMING
"8d3aab20-211c-451b-8d5a-44ed0b39d958",a1eae5b5-7baa-4f3a-bb1c-f6764bbcce6b,"89bb645c-4e43-4b01-b399-22b72088d5fa",TIMING
"8d8c1ad9-258b-4f43-a3bf-fc3da32eab69",aef65d4c-d20d-43f0-9051-58efabe130b5,"4749dcf9-7b92-4268-89e4-01a785abd9ac",TIMING
"8df7ea4a-a159-409f-acb1-09723216bfc6","2175c229-5df0-473d-a3fd-92970fd7881d",f9e15990-ff21-49ae-aceb-429b7aed0770,TIMING
"8e24f36f-4e1c-46ba-96dd-8eda1870b0a0",b1c97135-096e-4fd7-9194-12c343ec8baa,e09b0b38-5ccd-448a-afdb-6b41dc97c21b,TIMING
"8e42f024-8afe-4b28-b2cc-2e484e82a498",d8388d0e-69b8-4970-8cdf-6c5ea3b5160f,dee935a2-cd3d-4f87-ba4f-76b6d8ad4206,TIMING
"8e5a82b8-40b7-467e-bb77-c1106f7c2c19",bab32d92-d911-4646-a2f0-7f4cfa359f6d,"10c24651-e6dd-4c39-8591-cec22d49f0c9",TIMING
"8e5f040c-3144-423a-bf93-a7d2a2829f92","5459b268-05d9-448d-bc69-35c522cc11e9",db29f0c0-aa5b-4ae3-8b18-cdcb93b10ff3,TIMING
"8f78c1e8-af76-4e36-8526-7f18f73c9af6",ce094170-6c06-4cca-802f-e2598e0f345a,"0fc1b359-5107-4367-91ba-8dfd70c53386",TIMING
"8ff9fc14-5005-4736-abaf-bfca170cc987",df9f4926-315d-42be-bd02-cc1e70bbcdb0,d7892b34-2c7d-4444-accb-69128c09524c,TIMING
"900ad576-785f-48d4-b578-5cd2dc2c6861","0863fbe2-afad-45ca-bf99-ec6a33e6366d","1ef24e26-32d0-4414-bd01-ce6e7d7156c6",TIMING
"902a1106-6fb8-4b4b-b9fd-4fa8844c15df",d68ed59e-7422-4677-9731-34456619ac8f,ae33e0ef-d6e9-4a0a-9a8b-277f9fa86b1c,TIMING
"902cc09d-ad7e-4d65-81fa-0075954de074","2b7fc03a-9559-4fe1-87d0-0bb03488119a","3d07bc89-47b3-428c-b4d8-589e3fe08423",TIMING
"911d36e8-6d30-43ae-bf91-571491a9e22a","0b065250-3ef4-4623-8b63-b0edb44736e9","32536a24-446b-4c7d-97d5-c199a26b79e8",TIMING
"9148436e-bd19-492a-a9c6-84d7f32839de",a7c5e5f0-16d6-4775-944d-c0a49949613d,b330e7af-e684-489d-aba3-cf16656c7056,TIMING
"918e8ba1-ee6c-4f70-9165-4f54fa58f87f",afc87b39-f1ee-4a4b-901b-c6c3f7de6fa7,"5e5c1fc1-3457-46d1-8545-08106f7566a6",TIMING
"918f3201-c4f9-496b-bb48-b2df8d9fc4c0","0211c35d-da64-47f7-9a27-d5674fbd2c65","1c7db07e-444d-44f5-bf46-cb4f9d5a736f",TIMING
"9220b446-f17b-4adc-9e21-6bf21c6261c1","3a444b75-6f00-4d61-ab2f-53dfa6324ef3",f5159111-4047-42d8-b8fc-6b04580cd016,TIMING
"92446290-7983-4f37-a9f2-0b4e397f7833","584d3f60-c2f1-4e0e-80b3-7467cde25ba1","981b8b1f-8621-429f-bd67-fcc88f519c78",TIMING
"927c626d-b7ff-4ffa-95cc-7d81c8ce9bbf","79833b2e-b5ed-4592-91ff-a723ab36b141","0372f995-339d-4402-a8ce-0aaacbdc044b",TIMING
"92b9354f-f8e7-447d-b563-e32cfe32aa24",b7e206c5-842f-4de8-a590-9507c72f73b9,efd25fcf-6ec0-4853-afa8-8a893ed44d9c,TIMING
"9321ed8c-983b-486d-b3d6-111ecd83095a","430c30a0-d80d-4fda-8b88-ccae91e8a574","0d435a75-07f3-4a4f-beab-5ca2dae452e9",TIMING
"935055e1-733e-4b2d-9c96-df38047524de",caac8e90-8fc9-4bb0-b3be-199319f5b5e8,"8c73321f-e146-48c0-8c27-cbeee6965e60",TIMING
"93acbf36-6b79-4d14-8b29-a20fccc5ac91","1148d550-e824-4952-b070-47950c8270d6","12a3029c-9e40-4ca6-a67b-46156dca13db",TIMING
"94096f8c-2ff1-4163-99df-68e297173bb4",b09d45a8-5665-47df-92d4-f3a86af1c253,"61907b69-e36f-47a6-86c7-388682ddfe2d",TIMING
"943c5ffe-2c4e-4cdb-9848-30528e7d60e5","285ad272-9bb7-4485-830c-32f1f6c0d90e","4c956c19-2133-45f5-ba4d-150b4de2139e",TIMING
"94d0a6b8-e66e-4b89-a0b5-d7e7fce0c444",f8d4c0b9-7f9a-4c7c-a45b-2e5b21da9fed,b4cdbdef-596d-4f85-89bc-7fe3023671b4,TIMING
"952d2e87-9663-44dc-877b-9f40eb8bc46d","15265d0d-47dd-4c2b-94b5-79089dcecd88","398ddd58-6538-44f2-a3bd-f13d7ebaa805",TIMING
"95472943-3fbb-4586-899c-521ea42987f8","56a29407-b6f5-468d-a56b-78401e639c50","9c863255-49d6-4492-b836-fe5bef2fc632",TIMING
"9746efb9-c7c7-45e9-99ec-51af167ab542","1ef6d692-43ea-4584-877d-99654498cd81",d7ad3450-e001-42c4-8646-b97a2b70991e,TIMING
"98cfe921-4ced-4a3e-b303-2ae3e972315b",e8dccc82-4e86-4e0f-af03-7ec7079050fa,eec57059-051f-4c53-bef3-18864aeb507a,TIMING
"99400819-3d58-46f6-bac0-f31364ea643f","88e1ca63-640d-4db1-aa59-f3e39af9bfba",bf501dcc-cee0-4b08-85d7-22febc46329f,TIMING
"99ee3ff1-c37d-4b2c-8550-7b64960267fc",b7447cd5-25ba-41fb-9b36-0a26659c6e7a,b5f484fc-401f-48a0-be4d-4daf1f6b65a5,TIMING
"9a928b17-6686-4ddb-9c9b-36dec20c8ec1","47799f35-ecec-4db5-bc2b-73b4f5835d37",d58b81c1-663a-4873-928f-39b7d1afc9e2,TIMING
"9b03fac4-5fa7-4f3d-a993-8551a0d7cb59","73d7086a-7400-4fb1-8e97-6ba23881f291","5a827a6c-edc9-4866-a0c9-fbdb3399db1c",TIMING
"9c06f5e8-023e-4d28-9195-50f6d7110a5b","94aa9de3-0ab9-4e98-82b3-9234a7305aca","09d6b122-21c3-4e47-9cb8-fe48e34d6c9e",TIMING
"9c34bf6e-ea5e-4ab7-a4ac-e55a16922b3b",bb929d57-23cf-4dbb-82ca-58458fd27e05,"53f5b56e-fbe4-4603-8961-04cc19c78424",TIMING
"9ca25d53-27a1-4c9d-99a2-a4875b75633d","9fb6c2ea-c087-4f67-8aa3-5edd0024710b","892b0f48-235f-4137-b9e8-14d93ec974e8",TIMING
"9ce70642-a1e1-41cf-a8e8-da3d76180aa8",b92c1e66-38b4-41f7-aecc-2c9c18bb8661,ddafb85c-1d5d-4822-ab0b-e09d54244b18,TIMING
"9ddb73f3-5a61-4db7-81b2-d3dbd1bd26b6",f735c653-c27e-4a3d-8852-b4b719ad7922,"31a32b0e-9860-48d9-addf-9e91f70a5e5d",TIMING
"9e2b6671-a7c2-421b-9fe5-65e396281043","6bc155fc-dbce-4709-a590-973f60bbc3ab","16fbdc81-f423-49df-a09c-2292a2ae7223",TIMING
"9e84d6a2-c627-4b6b-ad76-37ce3a235eee","494f6f16-4f7c-4e85-aff3-47dc1528a9e9","5b3b68f0-1cce-43d5-9cd5-f7d6b6b4c2ca",TIMING
"9f2e4dec-7d48-4715-ae93-928c03f8cfcf",b2b5f776-4f02-417b-8e29-11cf4feb3fcc,"26e49156-9622-467f-b5af-837164c92624",TIMING
"9fcd3617-7ab9-46e9-83b1-90c168d31a05",d61cad92-c72e-46dc-aa24-33db53657a45,a477531c-3143-4bb2-93d6-e5c29cde288b,TIMING
"9fdb4a84-aada-496c-9146-0762d623cf6c","0e6efa11-b4a9-4c61-b44d-341b30269fd3",bb9a4287-d83e-4240-8d6f-85be9453e3c7,TIMING
a094be8e-c5ad-4020-9f28-3725346749f7,c79a568f-ad63-4eba-b7c1-e261dd3dd169,"173b7236-14ae-4d77-9d42-752767cf168b",TIMING
a0a99fc7-e1fe-4785-9658-d66e7d732ab0,fda4242c-811f-486f-847f-ae92703d1bd4,e05adddc-6965-4dea-9dde-5fc63c040dfd,TIMING
a0f3b7e6-50ec-4cab-9c4a-be0fde8e562b,"7ab0f19d-86ab-4562-97e7-c0f51af646ac",a7d50754-e865-4795-92a2-30fc4629dffa,TIMING
a1b04dd7-2314-44b5-8fb9-ee976a31ea31,"4be7236a-dcf5-48c1-b0a1-50b688565cc1",eb19de78-95bd-4f7b-9065-3af9a2a14093,TIMING
a1b564fb-5198-491e-b1af-7db19f530952,"417bfbdc-0d52-4a2c-9739-7097b7f1a118","86d6e6f3-b426-44dd-846b-79b8458ccece",TIMING
a221f9ce-db4d-4222-8cc5-ef7237572598,"8427bb53-c51b-41f5-b347-40cbd944e0c2",b95cd53e-6c32-4074-8610-6227e1a664b5,TIMING
a22af462-9b87-4ee7-92d8-ad1b0d4a127a,"02ff48e4-867a-4a13-9813-d419b8c63375","5e521e8a-12d1-43ad-b893-1c994f7470dd",TIMING
a266c8ce-557d-40d8-bb57-0826a684a7be,"34d66e9c-a71d-4962-bed8-790467769a1c",cca6335b-3b41-4fc5-ab7b-ce4955fb650f,TIMING
a27841ea-3c2c-4db8-8d8d-ec8187c45d17,cf13d39e-d680-4512-841d-a8b4a80c97dc,bf63fb3b-d6a7-4422-bb89-2ac30977d854,TIMING
a28e512b-909f-40a7-aa83-a982d21b64f4,d8ed3e0a-e39c-40b2-9367-9045fc8d0481,"48a08a75-64d9-43c4-b3c7-431b3dd46772",TIMING
a2e40dc0-334a-40cc-9170-fc60867eb6e2,"45ed057e-1717-46bf-863e-76ca42b48deb","7431f6c2-0e4a-483f-8714-8c3e4f10af25",TIMING
a32f6625-e5b3-4414-8c29-0dd625e9efb1,"145a2eed-ce05-4f0e-9b9a-3b63d9eb5cda",b79556da-6690-4196-a72b-d4a53819bee2,TIMING
a34ceffc-5ab7-49a4-8b26-f785871f8f41,"511a9484-5e87-480a-9b2e-0f8422872c91",db121187-5961-4f30-9495-859c87047a61,TIMING
a4798093-e802-4df6-a7ab-2b30f6b08bfe,"47c7056b-85e1-40c3-aee1-42d1d66a7e5f",ca4c66db-8f4f-427b-abf8-cb69ed1f860e,TIMING
a4992741-0705-443c-a641-523e4e954041,"26e9eed5-b39c-442b-b6d9-b37b9d800d8b","543ffe29-e477-47e3-86ae-876f2e028088",TIMING
a501070a-3f0d-4f4e-b310-4851852c231c,"1d9161b8-b1dc-4754-aa2e-990f59998a97",f799b062-9699-46a2-8cc9-97b6fbdf8db2,TIMING
a5410820-5cbc-4588-83ab-4a74544e8243,"50e85a16-9f16-4fd8-9044-64d460fd8f68","5c85fa20-03d2-486a-ba0e-d3f1e32633b7",TIMING
a56643ba-d643-4764-b204-e2c2621f8f43,"340858ec-e36e-4d90-b055-c7b0a8197f4d","1a22ed6c-b63a-49ef-a350-f62437258f14",TIMING
a57418c3-90b9-4bb5-9c39-5abe03f3e93b,befd4710-b1d6-4040-9f87-a8f3fda5e47c,cce7bad7-65c7-461f-8fa8-ff850c492421,TIMING
a5870c89-9d79-4440-b6fb-a2b8757c1dde,"46ff1c97-61a8-49a5-904e-35aef9a61f7c",a50c6b20-4825-4237-af74-52add5c9ef83,TIMING
a68f35c1-e1cf-4801-8202-92e017466d4c,"8a4f3830-e326-4e38-97ed-b5069a45bb4e",b781b6a4-da52-4c5d-81f1-9f68d72bda88,TIMING
a731c536-c14f-484c-912f-dfc2c746d91d,f521a3a5-4f49-440d-bae2-95307459375d,"0ba8c42c-ce07-45e5-9f25-d0d5c157d6e1",TIMING
a896f178-ff50-4b25-9754-bd8f65d6f0f6,"1e00e24a-ba51-49f7-bb4c-4753b8ab8fef",d0d005db-8bcd-4261-b8d1-057babe0c23a,TIMING
a8d5ae30-19a7-44aa-baa0-2a51049b2fc1,"20228110-10f4-46dd-90fe-e059a30997b2","6189113e-f7e4-43bc-846f-f22316832df3",TIMING
a90fbeb1-0aec-46a8-bbaf-425978063b47,"6c9c9b56-93b2-4c8a-ae11-c7a52dd069a4","19f52365-626b-40f2-afbd-5a9642c9f90a",TIMING
aaa3b048-f9ae-4c67-a209-88ed04970cac,b780234c-2967-42ab-97a0-5f6b628917ae,"2a514639-2d19-4ea0-bced-99f5354ca606",TIMING
ab401a23-604a-480b-ae03-ab862729bf04,"4d7346ef-a88b-46ff-ad9f-7e3b6a3a6ea4","57526a73-d45d-4ded-b57c-ae33b28e7931",TIMING
ab6c4bd2-ec2f-4d2f-8b88-9fa6af182a60,ea362372-713e-4d2b-a1e3-380f60a0328e,f7ee39f1-4059-499c-99c3-46332eee56b8,TIMING
abe784d0-8f34-4804-a1f4-a09ec627b521,"320caaaa-44af-4326-8147-5e18b1b44baf","487539b2-7dab-4669-9087-61ec6936297b",TIMING
ac06e733-1c82-416f-9ba8-095145cb3b3e,"70afac45-3590-4661-aa16-efccda58e1c5","7b5cba47-88e7-4533-bb61-c9cb0d2fb35b",TIMING
ac5bb8bd-92f2-49f8-9575-ac85a4ac5aeb,"56693bcd-3116-4e26-afd6-ac90a026866a","061f98c3-4e3c-47d9-9ca4-10e9049f68da",TIMING
acd7ca33-7373-410f-a0b2-56236226e4d1,b25dbf59-c8a1-45cd-aa7d-a0c00438c403,f53c38c6-3ca9-4103-8ae9-e7eef04418a3,TIMING
ad13c493-3d24-4a19-bb66-e7e383c466db,baa771eb-0479-46bf-963c-0afcb9c2dc2d,"0a1e7f1b-b075-47bc-a5ea-fa75d740a0d1",TIMING
ae472c63-3faf-4df4-8b7f-4674efe1a886,"81bc89fd-693d-466e-959c-e07da84af6be","724407f3-737d-42c2-8853-44aff37e8c1d",TIMING
ae5b1cd4-bb70-4a43-b9bd-ba5d2e7404a0,cef63f8b-0857-405c-b903-38a8918a82ed,"6bdc1fed-4df0-4c8f-a8cb-29af5bb99aa5",TIMING
ae77b835-212f-4084-808f-f37d9af8222f,"0894acd8-b8c2-4cc2-8832-2dfa3ab5e0c9","700f4f5b-756c-438c-91e7-719a10297874",TIMING
ae981d86-0859-43ff-a5c6-6df8cd4335b0,c06306aa-6e44-4e26-8cc4-cd9abfbd0fc8,bef8b283-7f1e-4a43-8ab6-37da73839f12,TIMING
aeacf0cf-86ec-4cdc-a047-d91ca3407b99,"5fac0b46-7575-4ad6-b39e-04e28e32989d","943b5d6a-94e6-42ec-9004-2f058dcebbbf",TIMING
aee8bbed-e025-4c9e-87f6-56234eecdf8f,"9b14451b-4d10-43b8-80a8-8a646f23c337",aa562988-d166-4238-89a6-f4a54f7c0042,TIMING
af37b404-4b8d-46b4-ab4c-a2d6fc72328b,c1c8277e-9dd4-48b4-9bed-852f2d4f6fad,"43336f12-48fe-4b05-9228-b64823317823",TIMING
af48e69e-b83b-4c9a-9394-3b1b3b6c68e1,cb52de96-fb2e-45f4-9600-3a9b9ae2ddfa,"67eab134-cfc9-4f04-a0ae-4f038651e395",TIMING
b02eb25d-3d98-4721-a809-d56aa24ae389,bcbc7919-2025-4de1-b34d-e073d0958375,d83d74c5-4b35-4a0b-a580-3f570c7142e0,TIMING
b03551e8-5e84-493d-9917-704251dc853a,"68ba19a8-fb1d-4bdd-bb12-040b63d0af9b",c848a214-e89c-4b83-bdbd-0fa91aba81b2,TIMING
b0ecd477-02f2-4c37-9b6c-45502c278036,b985f7de-7e61-4bdd-8950-6b01a2935212,"060f120b-d717-4c10-b5a9-56b017a22066",TIMING
b1afe489-4043-4778-8bf5-651c39d754ec,"95b1d483-05a4-4a70-9eed-e8aa31cddf90","6ebc360b-0aaf-4573-a98a-81ca2f7025f1",TIMING
b2d3e10d-4eb1-4157-970f-ef08507c37cc,"96848ef2-e140-467a-8bfb-9e24806383e1",b61b4f29-443c-4631-9674-56ce0bae1fdc,TIMING
b2df73d9-3da1-4e46-957c-65b272b31c2c,fc815aa7-5240-4c11-8d70-be051947647f,"0dc43116-99df-4027-bf2d-d5970b515ad2",TIMING
b45721ab-3732-4623-a5ef-d410c7a69464,"3e000773-e62b-4ec5-9a92-5032425bd184",dd15ac9d-35e1-4ad2-a65b-b13b1129f5f4,TIMING
b4759b29-db4c-4663-b676-bb092857c4a8,c61036a9-cd1d-4d7f-9e19-230c62429ab1,"5c844db8-37f4-40be-bfb8-aaf02dd86aa2",TIMING
b5914ac6-ee37-4998-bc9e-10dbcaf3f2fa,aa6f4aa8-36b3-45e0-93e0-c5f8907fd097,"88c82f46-3a69-406a-ace1-3f827cce9e87",TIMING
b669d37e-7171-4075-b73b-b454024363f6,c69703e3-c03b-4a48-b104-336d041d496d,"362a5453-0afe-41e7-b8cc-44299cc342ec",TIMING
b74d4045-5f94-4708-9898-dca477c898a0,"8a0ace1b-a058-4c03-b6dc-6c34149af9a0",e9ae0144-14f3-4254-8838-3ccb96a8170f,TIMING
b75072d0-aa04-458c-8c84-d38ab2df1c90,e42f4b11-86f9-4ba8-b349-5f37001d6e47,f43cb6f5-6dff-4360-b5d3-c6e1f5c32e3b,TIMING
b75c7250-3369-43db-b889-4dbe18eae248,"5946e236-0335-4c39-b1ec-b97e56437ab0",fc69247b-dfbe-4d08-9667-7c48fa07380f,TIMING
b7e3fa52-dd1f-4f9d-ba1a-7f049754c302,"2507797d-133d-42db-9732-318fb45bb03f",a4a22a0d-762c-4c31-92f9-f2cd6f2bdbf9,TIMING
b8a415af-b392-46ed-8b38-95c301e740b0,cc5ac67a-268d-48d9-8bab-de444cee80b3,"0b1000eb-6615-4f59-b7f2-932d2bea3b41",TIMING
b8b0f342-9ba8-470f-b47b-54cb456e5cf0,"664dbd5e-7076-44d9-b348-7b48b50d576e","5f9208aa-ea4c-4c30-8341-6783c21153e8",TIMING
ba2adc18-b489-4c85-9b53-ec1403a91222,ebb160ce-1ffc-48f5-9c14-783de1843d2c,"09e56307-5707-4eec-8ff6-4b1b3bfd802f",TIMING
ba4a03b1-fe77-4887-8266-683fd51c7926,"219a7113-0330-438a-a340-57915193ad9f",c049a5db-2bfa-421e-b116-79f657414f25,TIMING
ba7202e6-cacb-4946-929c-5257fcf820b4,e013ac90-148f-45e8-8935-66c41b1edc52,"7457f604-48d8-401d-bf36-d04ab0c3f82d",TIMING
ba90d6de-7955-4bb0-8b72-91f9459fbc54,"7d10e4ac-43ab-4b23-bfc9-f8840374e5a3","538d1ad9-f485-444c-bf64-beb99c392a41",TIMING
bbd88cfb-b009-4ead-8ff7-a505d318df41,f66b4582-1595-42dc-9f8f-5745ba021e37,b7d7fd58-8b8b-47ed-8a8c-6a021940375f,TIMING
bcb65a84-1ffe-4cbe-a69b-86cb7ebbbee8,"7acc3330-6b13-41b9-8cf1-20766afcc73b","09d1e47d-1447-4f2a-99d9-ea481d65a5b8",TIMING
bcd7e6d6-6795-429c-a0fa-c1a38bca13af,"4ca46ac9-e1d8-4c02-8491-52dc2c94af8c","98988391-ddd2-4dba-91bc-d1e8828df93c",TIMING
bcda6590-729c-43be-a629-10f9c5c4f07a,af9cee96-9b26-4b28-9642-b3a37bfb726c,ea8d7826-d42a-4386-9921-24bfbf6e7b76,TIMING
bd34d5c5-4e60-4e66-ba97-71543b96f38e,ce530d26-54ab-4810-9195-acccc65c4926,"7415a2d6-c247-497b-bcf5-05372ad1020d",TIMING
bd6f00f9-bcbf-4ed1-b844-dcd735216d2a,"5d32cea1-d82e-45ae-a15d-46f810cab834",e0fb2358-8e00-4cf4-872a-3a62a17094e7,TIMING
bdeaf09b-da99-4d24-8119-ce7ddf2208ff,a9a285a0-f5b1-4a69-a0d0-43698c99c62a,"4cf0c97f-01c9-47a3-8edb-b71b3d086292",TIMING
be03110c-5315-409c-a218-bbe3e751364b,"4c7f84ac-b8a4-4cad-a1c2-4536eed12a53","83736974-7914-4660-b467-fa6fd035c79c",TIMING
be100a71-4e6d-4cbf-9f07-b4a55d2e568b,d737326e-115a-430e-99c5-8e316aa4c047,"3a82aae4-0e2b-4a22-aead-5467dc2efeca",TIMING
be36332a-17ce-4851-8b24-a4475a39197d,e6a63654-c7b3-42b5-9b23-d3ef64be0e3a,"84767a62-9828-4ed3-aea7-226ed2f515d4",TIMING
be694817-ea02-408d-89e3-abb3a051b7d8,"4bc031a4-e314-44b9-8b04-89d1bffec47e",a1f47ca0-579b-4bb2-9256-653e7b5adea9,TIMING
bee0b33c-7ab7-4cbc-99d9-d2f7d00febed,"31d70b22-2eef-4624-96ba-328cb60ff3f8","0b9b7b59-6927-477a-adf0-4a553b32b774",TIMING
bf9fe03f-6b61-4e9f-baf8-4b3015ceae90,"77614898-225a-446b-b68f-cd5df2d119f7",db5e0f82-73f2-4f42-b59e-65e4e36ad32b,TIMING
bfbe7e04-3144-4943-be7b-8ded0510d234,f6b6e0fb-6a0d-4481-aff3-772e5552815a,acfbcd25-6e8b-4152-b4a0-4d6a243e6656,TIMING
bfda277d-b16c-4f89-9724-730a7f8304fd,"04da3b18-e161-4c5f-a1c5-bcbdae09c0ff",aadc0d20-693b-4456-a8d8-f29d57fc43d1,TIMING
c0457413-29ef-47db-b00f-c281133c1c32,af995a68-121e-4e82-91b9-97d8d8b69d3f,d24b5b59-9a19-4a5b-9f44-ff8d9168e852,TIMING
c0cbbd33-f2b6-4d77-a7f3-a10143175645,a35e873e-2885-4b3e-b168-a048b143a516,"85227af6-a201-424c-8620-d2752017d111",TIMING
c26ea5d9-19eb-488e-b8e9-eaea674e7f46,"8468233d-3017-4330-9487-13da8b3fb6e6",e775bccc-183e-467c-adfb-5471ebd83d18,TIMING
c2c512ee-b605-4996-8fcc-026c4d053c48,ceec90f6-0219-4462-bbc8-55d2d1aa6086,"8f47a3f4-e20b-4e57-858f-1b7b2206f9b1",TIMING
c2c7f218-d9cc-488c-a3d1-30ede47d34f2,debbed3a-66d1-4fea-8d0a-bd90527711d2,"51957ec3-76eb-4153-a98f-c09e3b2aac1f",TIMING
c3bc5dce-0449-4a9c-9aad-e1e871c73b52,fc9944d3-c1a5-44c1-b651-d591be381a9d,a34577b4-2ff6-41f6-b7fd-db4f778c93f5,TIMING
c3c1a6b6-b208-4f38-992a-65c6b05c3f3f,"92807221-eea6-4ff2-a37e-47859b6a5b7e",c4a94796-d1fe-49e0-b753-cd0ccfae57eb,TIMING
c3e209b7-442b-4d64-9c41-87b494548355,"19b86672-c22a-47a3-99b6-dce237e9a8ff","50f7abf8-a123-4f66-81ef-c8dcff01104d",TIMING
c4f26a5b-c2ff-4ca9-91ad-32ead98477cb,e7fe9112-56ec-4b95-872b-d1583f170663,"33e5a735-af81-4fbf-869e-9c43d889f852",TIMING
c5f1fdfc-84d1-4277-8bba-caa9158e268c,a2ab52bf-5895-4940-8898-4017b9677493,bc9ca59c-b226-403b-a7c4-24af6dfb0328,TIMING
c64c3ca5-272c-4af0-8243-d4ff15fe46e5,"7361b8e3-715c-4352-bc3c-16fd70e31f73","2221a07b-6c07-450b-81c9-7c50e4f74876",TIMING
c73b1ba1-3fdb-46a9-96d0-7db5d73a1908,d54856a2-ac71-4164-97f1-a128b30f07cf,"4cab525d-60c5-46d4-987b-b3f0df7f25b2",TIMING
c79da1ba-c45e-4bca-9d47-dd9970da8644,"26355478-1389-4f58-b36b-f1aa3fa9e943","41e0be73-0d21-4f91-bad8-aeddfd0ba94c",TIMING
c7a9c74c-ee1d-4f77-beaa-a1e9236a2434,"7b8b0adb-c622-476e-80d7-9d8b90e47983","3df784c3-977e-4bf9-bd3a-969c6ab5d664",TIMING
c80a3a6e-76c5-4b73-a9fc-82de6ba8bc0e,e38ba6b8-b84c-4a86-8261-c84ac943259f,"5cc7b66b-9af0-4c30-8da4-a7f10df65d38",TIMING
c84c5162-25f4-40b4-a5ec-a8288c9cb064,"35e9f362-c1eb-4834-aa8e-871c997a0b63","79de5b01-e6c2-49e9-8039-b047119ddc59",TIMING
c9045562-8d5f-4d54-ae1a-7101034f420c,a1c806fe-0aaf-48f3-baf1-fe5d7d834220,"07d85095-f261-45d6-8f10-1e31d6d99006",TIMING
c9475da6-fe82-4cdc-b5b3-eec62c6c76eb,aea19e8e-9f6e-4b01-bc8f-a051ca04389b,c5e384f2-08cb-4255-83cd-427c40cf1f30,TIMING
c987e1d4-57d2-46ba-90fa-549c78b9de06,"6093735a-1d23-406d-b493-7927c2fc3a20","7ab42800-9484-4ec8-95c6-83d5f086a3c8",TIMING
ca096824-3639-4f07-8290-915c6ea344c8,"86ec9825-df74-4fd0-824f-9e57f6eb1bdc",fd0ded36-587d-4517-a66b-069a578986a5,TIMING
ca4d5b54-adc5-4fa1-8175-f346ab8f8ffc,"96de706e-6cba-4d2c-8e8d-780837c22bcc",f2187169-5f5c-4e39-b935-0b89aa8683f5,TIMING
ca7f7fdb-9a2b-4cd0-b59b-91b5829a1357,cc4836f0-46b9-4a94-8177-1a3c0be7fb16,"9aeab7a1-a36b-4484-8170-27acbd04321b",TIMING
ca994756-bb80-4f24-9425-ed226f814702,"736f5771-1311-4bdb-96ff-dcaef5b0b3ae",c3a8539c-b205-49e7-ad0c-c02980d5bd32,TIMING
cbd33e8a-337e-4c27-b902-49b13e787122,"829601be-686d-4ca9-9e75-adbe1834b764","6797d1ad-7143-4272-94ba-6aa30dcf5cf5",TIMING
cc8df72c-3864-4d87-af58-d259584589dd,"8f0cd05e-4a45-411e-892a-d1dea06a1fdc","885a52c7-ba8a-476d-adbb-ec8f63ae18eb",TIMING
cd07c645-8d55-4f4a-b6b1-d7c5f5e31251,"6412e766-32aa-4528-bdb2-fe877a82569b","65f2e2a9-ef25-4165-abc9-e1f4d61fea21",TIMING
cd7f1c37-3c46-492f-aef1-fecfae5c743d,d9f77c79-8aaf-455a-b88a-dadba6b788a2,"8f22b759-f316-4968-91c5-e9bfe10f61f2",TIMING
ce7f9b6c-e2b9-4838-ac4c-c09a72c88916,"1da8db9b-3359-4ee4-b3fa-56f85507aba9",db9d6de4-55cd-4969-a4d2-1bc268f094a5,TIMING
cedc9112-e80e-48a3-b05f-5475b11b3eb0,"9809ceba-0eb8-447c-8a79-8a21bb149480",aa49806e-c3b4-41d3-ac48-f18449f2f0b9,TIMING
cf261adb-78cd-49c4-967f-e75f02d16ce2,"93bbf675-8efe-49d1-b871-34084aa9e70b","137809a4-dede-4159-899c-774ea0aedbb4",TIMING
cf316930-d5e2-4986-8b7e-96847bed8e67,"5dcd963f-58f4-4ef9-9a16-d0d3bc17e728","8a5fa2a7-35c1-4563-9df7-696a83f2a94d",TIMING
cf564e3e-e401-45aa-a98a-f1bc3989cfd4,"00ff0bd2-516c-40ba-9b15-56f146211db7",b0fb1116-c9b8-438c-a9df-b48fd85654ca,TIMING
cf7da3c4-e547-4c9b-83d8-7cf9434a830f,"50485ea5-6eba-467e-abfe-b76053aed1db","090b09d2-018c-40b9-95d8-dad13a3b9f48",TIMING
cf7f3d00-108a-4769-8b5e-e2896dcb6887,"7b12d234-f056-4763-915d-d4eb3c8a3de4",f75fdde7-9859-485e-87f1-c144068ecf25,TIMING
cff1419e-f00b-4d0b-865e-c0cd256f8210,a33c3fcc-26a5-4db8-89f3-f961250014ca,"8aa52f4b-6e95-4aa6-9ae3-efd8a7b7dac4",TIMING
d02df0ea-983b-4c71-a1d4-e290b7aed842,e96d3fb6-8889-4564-be26-2862e6398eaa,"01c94158-e0e8-4c00-969f-589ed4abd1ea",TIMING
d0f564f3-e3d0-4995-b628-c33678cc3e44,"30967f0e-17ad-4b92-8ded-cbb40c08a8b9",bfec9f5a-d033-4cb9-b0f6-0a0a8f9d5933,TIMING
d14949ae-473a-4be8-ab23-21311717cf1f,"344cbc26-d3e6-4381-ace4-85b48f05a08c",bd272e50-c7df-4c90-8fc6-a6ce21d553ae,TIMING
d18a592c-fbf7-4ac4-8b7f-d1f87634b75f,"635d24a4-1179-4abb-875c-08d2376ea87c","71e129a2-3fca-4ff2-887f-829bde52a472",TIMING
d25c50ec-8428-48e0-adf8-56c223f5e8f7,"8bd42428-6360-4d25-8ded-dc63fb28f9ef","7646aad0-a002-4016-b8ae-0f069d74542b",TIMING
d2b14054-dc04-4e24-bdc1-3260082b5473,"36f57511-376b-4795-93b1-80f1b824fee3","0602927f-6914-41b9-9c6e-6005a5316a1f",TIMING
d301d7cb-e302-4c44-a003-1bb0a5aa1769,"9bd0097f-b629-40e6-af51-7384b8291e59","316d2779-092c-4d3c-b917-0ef72b4dc545",TIMING
d325b803-71a9-453a-99f9-06cb83624db8,"80a8d058-a45f-44bc-b937-0a058018e5dd",f66a69b3-6ee0-434a-8a96-39e02fb5a9a7,TIMING
d3525293-822b-441d-b46c-8c4bd63869c3,c5935353-b77e-4d96-aa03-2698bf681c0d,"31d045d2-fb50-4429-9827-00d947407705",TIMING
d48764d2-c9b3-46ab-9b7c-3ab9d3f2ef34,cf8b75a0-c7d9-45aa-8b92-bd2112f2451d,"25d885f3-4a6f-45ae-9d08-90b2031726d2",TIMING
d4afc4b7-9ae0-4d03-992c-1fb223739651,ffdfe117-8eff-4540-8a5d-605957c4fd22,"287deec7-10dd-4716-b005-e01d3f6df8ed",TIMING
d5d13b6a-4d16-41b6-9f35-274cd7cf45dc,"54c2cdd7-6377-4bd0-92d6-b21d708bc2d4","41fbc72c-4e77-4b08-94fa-f73f121d274a",TIMING
d6c07f15-008f-4c26-a06b-456618525105,"3a7be5c0-2f2e-4358-b398-8492efcc0de3","1a9be83e-4c2a-4e94-adbc-cb708d2cda64",TIMING
d6ce6071-8477-443d-b7f5-d212e81adf7f,a5bdf6d2-f17c-4ead-bfda-5a58a138039f,"77fa15d3-30bc-4095-a76c-88e7286aff38",TIMING
d6d08619-4fa6-4e2d-b190-2b61bd5c5d45,ed6509b1-92ce-4601-b998-467a1acc6bfb,"8b31b0be-2b03-4b8b-93ff-5c70187f87ed",TIMING
d6d42b44-bc4a-4c99-b038-388ad5399045,e5c1b8a8-a590-4310-bfef-32e136909958,c071ebb4-218a-4ae5-9094-20ae18717c35,TIMING
d6f1931e-5f8d-4f1e-842e-e93739695f18,a40767df-f5f8-48d1-b6ab-efddd5b4d923,"90e476ea-f0bc-415f-b538-dcba4da542d8",TIMING
d71f1573-b91e-4dd3-99ac-393b98a3ce23,d7059087-b68e-4230-b273-93a22e4c0d03,b23aebfa-6ed6-4eee-b128-775d01170f72,TIMING
d748fbe2-43f3-4941-92d8-fa8ee16956ef,"2413b89b-7844-4e15-b76b-2b9a7f45af36","49d03be4-72dc-4c36-82bf-9d603da561c9",TIMING
d78c5e0c-501d-429b-838c-676c40db0b84,"559f96a5-5d40-4a0d-980a-c5be079cdee2",cec982a5-d4f8-4a81-a21f-82be80d9b124,TIMING
d7f42d1b-b685-44db-b0a4-4e65036a43ea,"5859d6af-b5bd-4e55-ad85-d31f28a1865c",c963ee03-9978-4edf-ba72-d0ab1e9210d0,TIMING
d8205298-04af-4aaa-be6f-d0aefafc69dc,c7d79b8f-b9c6-4f7e-9038-e2e3cded4af3,ca7f6fb9-da76-4c90-ac56-6c29b181ffbe,TIMING
d89582a7-0537-4ce7-b9b7-18eb112a7eb3,"92249f43-6945-45c7-be57-548854f29c6a",be46951b-abff-4a76-97d1-0f3f3490c5d5,TIMING
d8a1196a-9947-4255-bc2c-31d96546dca4,"3d3e9f0e-a1c5-412d-a3d6-d5a05d114941",ee5ffe98-a443-4129-a22d-bcb1154a1cc1,TIMING
d8b2e3a0-17d5-409c-b72a-e0062b97f4ed,"159c0176-cdd5-43fd-b5d7-630f10408064","2629be05-b338-4c90-ab0e-fc9a11af19a0",TIMING
d93f5e30-46a7-4957-a096-e7012e69d532,"0fa86565-2eca-4136-8d9e-ef7ddf8ebab9",f77d248d-e30a-4290-81ba-2e260c7660c7,TIMING
d9a7cba8-91b2-4d59-b9b3-9ad0d530b7d1,f592aa14-62c0-46a9-9380-7908a9f7cd7c,"783796e0-a85b-4cd7-9f91-89720c9cc732",TIMING
d9a8ca44-3e5c-429c-9f2b-f39186e1ff66,"9fcd487d-790d-4174-9204-3ed42d65e8da","2f9a7d63-6fe7-4d0c-910c-ec2e0af44fe8",TIMING
d9ca3a06-e693-4ae2-a6bf-78ce5196bd1b,ecf5f01e-f083-4e47-a8e3-e2108f3e2c93,b9f4fc08-a68a-47a5-b0a7-9cd64489f4cb,TIMING
da752a1c-83bd-43db-9099-7ae3949b9914,"38594491-5267-4970-8a9c-f5290add505e","41c3fe72-d010-4a83-a103-ac7595a8ce5c",TIMING
da7832fc-65eb-4779-83b1-7e6f73a9ccea,"51ca7cbb-fa47-4910-90e8-67cc603c9a94","16e30b5b-63de-4b04-a9db-5e3b88efb5c3",TIMING
da9c4e76-e0ba-48b6-a36b-f3916a777661,c3df7cc1-0ec7-435c-b75f-7ebdb730200c,"9292d68f-81bc-47f7-8880-1a958496bb0b",TIMING
daae1165-d035-4a76-9c50-d0f4ea7ee19b,"32d85583-4b91-4331-acda-bbdcfd4205b8","5a18989d-d031-4919-8304-f44d82123ebc",TIMING
dacef508-422d-4c0d-9b3c-f01e84494677,aa0c6f94-20d3-4443-8d29-7b63895f18b3,b4e3ec8d-e1e8-4c99-9d5f-8f2297b4fe8b,TIMING
dada56ad-1dc1-47f3-af0c-9a91de93f9ba,e88d851e-fe5d-42da-95ce-06fc60753d9f,ad843a08-a6d0-496c-af5b-42d507972a4f,TIMING
daf7bbc1-dc52-4af3-90f3-71fdb7a488f2,"19679895-7dec-4510-a291-85e6d5eb20e7",cbf60f31-fb40-4dc3-8239-472ffc46ee3e,TIMING
dbec2a36-db3a-435a-8dfd-a09b6398ef29,f88a4e5a-a435-4ec1-b90e-a8f243970f74,"9842fb7f-6b89-4f6a-85cb-9b6b056e6692",TIMING
dca639e2-333a-47d9-a900-3600f010242e,"1ddf7bde-0ddc-4363-857a-3f0a42b1e2aa","739b61a0-5c5b-4465-be26-f71879d64d2c",TIMING
dcdac42f-7422-47da-9bd1-f727076dd65d,"93f8cd46-39aa-4e43-8fac-1285c9dbb708","331d143a-893b-41d8-b7c1-7c72d7d8fc99",TIMING
dd369499-9826-41a7-8e78-cdecaa731a23,"0c601d4f-e8ed-42ae-be66-a2c182c90004","06f49e0c-bc69-4886-9ba8-76e94dd7c641",TIMING
de457036-4659-4d7e-bb69-ae40562884d5,a5403ba3-d68e-4c6f-afe0-388e58b330ed,d32d0dc3-798e-486f-93cb-9fc5cb7df1a6,TIMING
de7f49fb-b032-4db0-a5d8-66970ff143ce,a4f9062b-2110-4e40-817a-6ae87f1b4bab,"084eaa3f-8faf-409f-808b-90e81e49c146",TIMING
de82d99a-75ad-4e70-83a3-ab44caa623fc,"42511746-dbe6-4c97-8a49-a36fc3d7d6f4","0cbbe848-eafd-4699-a0ab-7bc67bb2a321",TIMING
dee0c867-0c65-49c6-8026-64a7d5000a4a,cf460d0d-9db3-430d-988a-360a1845e7bd,e6d07d4b-d19c-410b-8424-c816cd10de6a,TIMING
df3ecf97-545d-4945-ab4c-a00b92258f58,"0f7f7a84-a834-475e-97a5-8b2d1db65968",eaf06a6e-e821-4cd3-8646-e2562bf53d7e,TIMING
df4f94d2-5dad-4512-832d-f6ef280adcb1,"81447150-0693-4964-8534-f6b8cb319a96","634c1489-8b54-4a7a-82b2-4b5ae836df4f",TIMING
df5bac4d-8196-4f67-9f1e-911863938f5c,a741de48-82b4-467e-bd68-2b2dd35eb073,"3860a55b-3fb6-4dc2-8086-3ba68e0817a0",TIMING
dfa8bb57-d974-4afa-8132-f2a66da696ce,"96869939-c21f-4def-8c79-19bfc6881e61","0806970a-4467-49cb-aa71-52c22b421048",TIMING
dfea92f5-abd8-4121-8670-b3db3ccd67e4,"4dc542be-2319-461b-8916-7065ed889809","05f2a9f8-7246-43f8-a0ae-54917b8cf544",TIMING
dfec8d3f-662c-4ec4-b62e-440f877c3208,a5849add-fa0d-480a-9963-4c7ef28806cb,"10f62ac9-8460-4ab5-86fa-caffb2d165da",TIMING
e012551c-bd8d-4dd0-ae66-9a56f3c9b554,"0e05c687-f4c6-4eae-8702-df4c115c08c6",dffcdd00-9073-4a30-941d-5723d71ec6b1,TIMING
e0f7bc76-c63a-47b7-ba43-830e6c432007,"1a335f75-9d92-4272-a4fa-eec461d197ba",b31a8a28-538d-41cd-8e62-3d81aceb6f51,TIMING
e1418813-f695-419a-ab34-afad3658b607,b034a661-5d80-4788-9001-6d7ccaf22880,"38483290-425e-4775-b1fb-1f3ba31416b7",TIMING
e1610f0c-fefd-4dab-85f6-450aed28bce3,"8b4eb53f-c2af-4dde-987a-6245fc20ce45",e4f4df36-7980-48e2-9c45-3ac6ae0b332f,TIMING
e16258c2-91da-4764-864d-ec82b4ce1464,ca10fe51-97ce-4e1e-b00b-fc5a18c5311c,"31f8d942-5f6e-445c-83c6-a73c3591ec87",TIMING
e1c1bf8e-a456-4bac-9533-cd12f4973828,"992a670d-e613-46ed-ae3f-50fa8b9fd8a9","7a215da8-8fed-4401-8204-285fe8bf79e9",TIMING
e234d6f4-5a89-4aa6-9007-591d15adea7e,bb7f7afa-fbec-4224-824e-772310fe988d,"757ad497-c66b-4005-b817-168c990c2190",TIMING
e2611bfb-0e9c-419f-b752-bb41722aaac2,ce33cd57-4e27-4aad-b4a3-5af3bf3620b4,"637ad172-e46e-4d79-a14c-bdb17635e9d8",TIMING
e313b88f-4508-40a9-a3f9-66556e54cfd1,"09d836c2-5f10-46f1-91fb-8f8e8e419936","38a8cd32-99b8-46a7-a792-0c8a4566744e",TIMING
e53e76ac-a551-415f-b396-fe97f21f2e48,dd735a3d-9212-4c7b-8ce9-d48038724663,ebb79108-6f40-45d4-8092-6c218812f510,TIMING
e54c3e6b-3872-4727-9096-cd11dac3374f,aeb3d799-d988-4359-b476-0e45e12024fd,"36b52e58-dc4c-495d-bcf4-c7c8e097d9bf",TIMING
e59dfab8-2159-45a7-b8f5-771696e717b5,c8b1b851-a68e-4e11-a77a-0653132a8ab1,daf746f4-bc18-477f-adea-b857cf1a36ef,TIMING
e603fea6-a220-48a9-98bd-babe0d80d7ae,ce151b9d-bf00-46aa-afcb-1afcd89ce0fc,"8af2e0be-3373-460a-b5f4-43c10eaed731",TIMING
e626d349-6d96-47cb-b003-913b5fc0d568,f3f6314d-0ddb-4996-97e6-960f2719ddf5,"26fe064c-8a55-4878-8b7a-c83ea84754b4",TIMING
e64c45d5-0584-4f0f-bc03-7b219e1538aa,dd7994bb-01d4-4e1a-8e0d-1f639ace6a2b,"511ca846-b185-4a46-96b8-0ea16838aaf5",TIMING
e794f6a3-a8e0-450f-8776-a60dba9e16f5,de4dad55-1197-430c-b678-1564c7587451,ba57f301-a3fd-4143-aef1-cf0ddef1be22,TIMING
e8761753-5539-43b8-a3d2-e6bb6b986b3b,"7bd63cfa-da74-403a-908c-a6cf28538032","23d10c06-a7cc-4778-8575-baef4dabd932",TIMING
e926de77-8fc3-460e-b58c-a75172b0c162,"99af405a-9e24-4444-ad51-073de9e37e99",c796a473-fa32-4773-8675-8f8312a763e4,TIMING
e9342e7e-6dfc-45f9-8c50-7b667920e60d,ff123fcf-8b24-48b4-9cae-e83ffaa344ca,b5820799-f03e-4184-99fd-c1a272eb0b5d,TIMING
e9c69b5d-5767-4330-9081-1b0ba0ddfdb7,"3320af8f-7dc6-4e8d-ae01-0d9a21a73bba","02211dc6-d658-47b9-8d21-7dd703052a83",TIMING
ea038710-56d9-4f31-b91d-375902f71c8f,a94d6a5e-9957-40ea-9bc9-200ae14dbebb,a599127d-b53e-4091-a913-71310724c083,TIMING
ea563bc4-c4e2-4bbe-a81a-78d365ff65a0,"4e323d27-4648-485a-8f0b-9959e6cd6ca1",afb3779d-f45b-4628-87b3-dada9d72b0e6,TIMING
ea87b058-8a77-4d8c-97cb-6b869406a2c0,"5eae6685-8fd5-460c-b230-8d0cf582daa8",d12b72ea-7c0c-44b8-87e9-180be8543446,TIMING
eae7da9d-2f7d-49d5-9a47-92c0836defab,"1ea707ad-58ce-4a11-968d-670aaeeb74f9",de33d409-6b15-431f-bda2-15993adb36c4,TIMING
eb938451-9193-425b-b892-5de8b8c11f26,c31faab3-d338-48cc-bfb7-585917c5d3bb,a1d76aa2-0041-4299-b176-a4926dbe4e9a,TIMING
ecd18e21-a389-481b-b660-e984471f5752,"8158283e-5e1c-448c-bf04-c9fe61fab19d","80b0bd37-f743-4987-be64-e1dfcbd58405",TIMING
ed7539d3-6945-4f1e-ba3a-3a05baf088ef,"97e0dc57-341d-47dd-a8bd-bbc905f1316c","8e508360-d138-498e-99fa-9e4a522377a7",TIMING
ee3b0d0e-b080-4cb8-b51c-3de9e69d013d,e9106fe0-bd2e-40c2-b4e4-c65d8944ff5f,a71e232f-8076-406e-ba62-75c978a067f4,TIMING
ef0bbb48-4e55-43ea-a43c-ada4b508e82e,f967cc7f-f206-451b-acae-232317fe904a,"31293e6a-1efd-4129-a904-b80c1215e30a",TIMING
ef6136b1-1e8c-47e0-9a26-df99e688f2e0,ddc85f84-5a62-46cf-811e-9a20283666d8,"558bbe36-3bd2-4491-9b67-0312137d24c7",TIMING
efb94625-22f4-4395-839c-82d0d3f0ee28,e591ddfd-c72d-47a0-bb14-a5e2c24d31c1,"11e05d3d-bc34-45e6-845c-8eac035f898f",TIMING
efcc9957-136b-4ff2-9a96-b1ea129c6c48,"96fc1562-e149-464b-add9-e714f4a347da","94606b4e-db0c-41b1-b28f-60f792498fce",TIMING
f087aa83-6c0e-4daf-bfde-c8616f36fa36,adfada64-dfda-4083-ab23-48f2d4f8b010,"1bc88a6c-9151-4e03-b4b6-12bb6af0d121",TIMING
f0a0629e-56ec-4b06-a190-538a458b0396,f8ad5eef-afbb-40e2-bb96-6ffc59d53cb8,d5127727-c3df-48fb-a53c-5b5093382a42,TIMING
f0b1e11b-6eda-4e95-b93e-88e67097e6a8,"5e2b56a7-f9c1-403d-ba3a-118b539ce231","898a407e-9ce9-4730-9ef7-238f256479ca",TIMING
f1013aff-e78a-41b6-a896-46209a578da0,"2628db8f-c822-485e-9a7c-9739fe7550bb","4138b9b6-adbf-4ffe-b9ea-9a6eeb737bda",TIMING
f11332df-080c-47f7-b17b-40821d074ad5,"4ac356af-f254-4260-a5f5-9e25bbe839df",f4925f01-a9a5-472e-8524-e2f404ee2c47,TIMING
f13a18d1-b8e3-487c-8adc-f044293aeedd,"59f4c406-7c2f-4422-b3d5-db32acf83af7","2596972b-6f67-4a88-9651-1c4900d5b718",TIMING
f1501419-23c7-497a-b5cd-def51a646311,"3e2487a5-2901-45f2-93a5-95422a2f742f",aed69426-83ce-40df-b27e-b8377c4bd7e7,TIMING
f15c9c7f-b21a-41c8-ae1c-ae10d00c237d,"7d382cd5-ef32-4f2b-8854-1280227d1d29",b455c444-222a-49ef-ad7e-dac1d8f936ff,TIMING
f1d83434-996d-4594-a8dd-ebb9b16dce59,"2a40b96a-1517-445a-b546-7f24c6ac585a","089b7a2e-8f85-4510-b0c3-1fd60f393c71",TIMING
f27083f2-277d-4dd3-80ff-dc7c34142466,"3dc80bab-526c-4bd7-9c0f-8bdbfd0f5a36","08d7dd5a-fd47-4b2c-b63a-03813778fb1d",TIMING
f36e3802-7f6e-477f-a5d2-81a279780d15,cdb6495a-fd79-4174-b384-847884416167,"61e5969a-1741-4786-b9e9-b451b0643d50",TIMING
f449b052-15ef-46a7-85a6-50b4be4f6e86,"31a35d92-78c3-402a-b100-e93068cb8831","05a6a94d-3cfa-4266-a48c-fcc6a0647fb3",TIMING
f4d15cbb-e63f-4572-9ba6-42abce062ab2,fdee268d-9e7d-49be-9f8d-0c1578bba1c1,d99c86c1-85d2-4832-9472-b818bdf107c7,TIMING
f61411b8-e685-405b-8e74-85a58c5e2560,"19ec0294-90c4-4d53-bc8d-1c5cd8004776","42a5d7b5-9dd7-426e-ac99-689f3936d44e",TIMING
f6294f95-cdc0-4b3b-b262-cf537d11fab5,"2e37c112-58a6-4007-acc2-39b8949c38f7","7fc80769-395c-4bcf-9a15-a82ffeefa5bb",TIMING
f68a875a-6ed7-4c5c-af93-d7407ca8bb56,e9c50f9c-f548-4808-8b18-8259b30ad8f4,"3183b571-a53c-432a-961f-a1ab7a691d58",TIMING
f6feeb73-1f8a-4e62-b562-dfe9b893f032,"5d0bb11c-2a8d-4276-a8f8-9a90fb4c1345",be0db445-b9a6-4c93-8e15-32e80e35ce70,TIMING
f853b860-c494-481f-b7a6-7df03af6006f,"1f37dd00-71d2-4030-926c-b1b4f51a023e","9ab56343-bfb9-4e31-b79a-065313f292bc",TIMING
f88edc32-61e9-47d5-b26b-220e8ba430c3,"2c89ea6c-67bc-4d33-ab4a-99ed2c3030a3",e582111d-4f4b-4089-b122-f5e368434c93,TIMING
f8afe2a8-a5c6-4b1c-8368-9a8b188e838b,be439cae-bf17-4ca6-9b65-ff8cedb4d758,"2ea7dc9e-31e5-4626-a2ef-ccc89e16b50c",TIMING
f8f50eeb-e7ac-4f5b-9a09-cd2dc9a49ca2,"3b662fef-8bfd-4715-9660-4944edad90db","5fe6e890-8f7c-4776-8623-fb745350400c",TIMING
f96195d1-2dd1-4de1-8f6d-954daa606cd0,"55d8ef8b-c75e-44c8-bd15-a16e17eca317",de956e76-2175-4383-8988-68cb9afacc59,TIMING
f99225ed-d532-4047-9525-f9cc0d3c7259,"026092d0-c635-47c8-a779-aa6ff79470f9",c89b0f1e-ca19-4dc6-9737-b4808f0630dc,TIMING
f9f4beac-4527-4bc4-8ee0-01b7321136b7,"115f16a0-0c19-4780-a2cf-3e020c7b82d3",f698e2b8-575f-437c-90d1-4bd9353ef113,TIMING
fabc002f-353c-4310-b356-dd7a6d145a1c,"1a1ce65b-1a18-4eba-aa55-480c9b0c2d66",ab4817ec-9c88-48fe-a5e6-85fa7d2af9c5,TIMING
fb0cdd8a-7f6a-4a4b-b58b-f2aab7275ad0,"189e33b1-2881-460e-aef9-76b9f26d2732",c08723c8-dbe0-400d-aee6-06fcb17e0ab8,TIMING
fb684e9b-cb1c-459d-b7ad-d38183c1db8a,"412ee371-ef10-4492-bfbf-d6195ddb6b92","144069d2-0bd7-4eae-a67f-942d6e707d8f",TIMING
fc06ac1f-f12a-4091-8a65-4a203d9eb0ba,"4c733f92-afd4-49f9-9810-19fcfa42862a",c488d6e1-ee95-43b5-a321-354642a72404,TIMING
fe01a3b1-ef5a-4e25-a1d1-5b8e041684e9,"35c6f396-c13a-4fc5-945f-c507c0bacf74","5c63c75b-46ea-4507-9b9e-460c038c08cd",TIMING
fe6bb2ff-1c30-4073-a94c-5789913815d7,f4d2f13c-15e6-4814-89b2-40d0ff32f690,"5da6ba4e-4103-499e-b378-10504cc7307c",TIMING
feaf4e0e-2a75-4f04-90ac-a775331e3dbe,c8a951e7-79eb-4333-b6f9-7eb0c65dbf44,"2735c2d8-cfcc-4819-8426-1501a74c34fe",TIMING
ff0a05f3-f281-4a9d-ace9-413ee59e2087,"02594bc9-a660-4f0d-894c-8a5b755b2362",bb4a6ae5-879e-4825-a07b-6b73cc016be2,TIMING
ff2be5e7-4c7a-4247-a08c-3228f6fd8a98,ba650d30-a12b-4886-b795-0de0c7ff20f7,cf43cacb-d4a7-4fe1-9168-dd5a599a2735,TIMING
ff560dd7-75be-4384-af59-bc93e12f7754,"5fa7233f-82a4-4f0b-895c-77b6f02a7e54",f0563c7d-296d-4264-b5c8-8de84a5024ae,TIMING
